observation_id,observed_on,latitude,longitude,positional_accuracy,quality_grade,taxon_id,taxon_name,common_name,coordinates_obscured,uri
461649,2012-04-19,42.681572,-72.471963,25.0,research,41976,Lynx rufus,Bobcat,False,http://www.inaturalist.org/observations/461649
4020781,2016-07-06,42.1328429059,-73.1680661718,71.0,research,41976,Lynx rufus,Bobcat,False,http://www.inaturalist.org/observations/4020781
5510730,2016-12-06,42.3301416667,-72.5347972222,,research,41976,Lynx rufus,Bobcat,False,https://www.inaturalist.org/observations/5510730
5510735,2016-12-06,42.3298416667,-72.5333027778,,research,41976,Lynx rufus,Bobcat,False,https://www.inaturalist.org/observations/5510735
5510736,2016-12-06,42.3302194444,-72.5335222222,,research,41976,Lynx rufus,Bobcat,False,https://www.inaturalist.org/observations/5510736
5510738,2016-12-06,42.3302277778,-72.5335166667,,research,41976,Lynx rufus,Bobcat,False,https://www.inaturalist.org/observations/5510738
5510739,2016-12-06,42.3299611111,-72.5347888889,,research,41976,Lynx rufus,Bobcat,False,https://www.inaturalist.org/observations/5510739
5514982,2017-01-06,42.3309960145,-72.5400424004,31.0,research,41976,Lynx rufus,Bobcat,False,https://www.inaturalist.org/observations/5514982
5514989,2016-11-28,42.330472535,-72.5332403183,61.0,research,41976,Lynx rufus,Bobcat,False,https://www.inaturalist.org/observations/5514989
9874468,2017-12-25,42.330556,-72.522453,4.0,research,41976,Lynx rufus,Bobcat,False,https://www.inaturalist.org/observations/9874468
10735076,2014-11-28,42.614485,-71.571654,5.0,research,632297,Lynx rufus rufus,Eastern Bobcat,False,https://www.inaturalist.org/observations/10735076
10735128,2014-02-23,42.613904,-71.571316,5.0,research,632297,Lynx rufus rufus,Eastern Bobcat,False,https://www.inaturalist.org/observations/10735128
11349499,2018-04-21,42.33163,-72.53135,,research,41976,Lynx rufus,Bobcat,False,https://www.inaturalist.org/observations/11349499
11375714,2018-04-23,42.32272143,-72.52624839,15.0,research,41976,Lynx rufus,Bobcat,False,https://www.inaturalist.org/observations/11375714
11375794,2018-04-23,42.32280203,-72.52589302,8.0,research,41976,Lynx rufus,Bobcat,False,https://www.inaturalist.org/observations/11375794
13806693,2018-06-26,42.0716726664,-73.1301061013,28.0,research,41976,Lynx rufus,Bobcat,False,https://www.inaturalist.org/observations/13806693
16189243,2015-10-04,42.6338735004,-71.5524625864,213.0,research,41976,Lynx rufus,Bobcat,False,https://www.inaturalist.org/observations/16189243
17393554,2018-10-10,42.5940186712,-71.5533962177,2.0,research,41976,Lynx rufus,Bobcat,False,https://www.inaturalist.org/observations/17393554
18439966,2018-11-16,42.2968497645,-72.7834620294,83.0,research,41976,Lynx rufus,Bobcat,False,https://www.inaturalist.org/observations/18439966
20029189,2019-01-27,42.5361116667,-72.550745,5.0,research,41976,Lynx rufus,Bobcat,False,https://www.inaturalist.org/observations/20029189
21834716,2019-03-01,42.2877711,-72.3384970216,60.0,research,41976,Lynx rufus,Bobcat,False,https://www.inaturalist.org/observations/21834716
22617391,2007-05-30,42.4138194333,-72.1962912694,61.0,research,41976,Lynx rufus,Bobcat,False,https://www.inaturalist.org/observations/22617391
26121332,2019-04-15,42.4224249039,-71.5516918343,207.0,research,41976,Lynx rufus,Bobcat,False,https://www.inaturalist.org/observations/26121332
29568498,2019-07-26,42.25258119,-72.54186748,8.0,research,41976,Lynx rufus,Bobcat,False,https://www.inaturalist.org/observations/29568498
29679366,2019-07-27,42.2135383333,-73.34295,5.0,research,41976,Lynx rufus,Bobcat,False,https://www.inaturalist.org/observations/29679366
31051829,2019-08-18,42.2818424,-71.1819841,209.0,research,41976,Lynx rufus,Bobcat,False,https://www.inaturalist.org/observations/31051829
33261013,2019-09-23,42.5942568525,-71.5533749664,24.0,research,41976,Lynx rufus,Bobcat,False,https://www.inaturalist.org/observations/33261013
35205272,2018-11-08,42.329984,-72.538427,,research,41976,Lynx rufus,Bobcat,False,https://www.inaturalist.org/observations/35205272
35704520,2019-11-14,42.3227712595,-72.5321350071,10.0,research,41976,Lynx rufus,Bobcat,False,https://www.inaturalist.org/observations/35704520
36257972,2019-11-23,42.3969707221,-71.516981115,26.0,research,41976,Lynx rufus,Bobcat,False,https://www.inaturalist.org/observations/36257972
36347672,2014-01-15,42.2998603268,-72.2353559504,8.0,research,41976,Lynx rufus,Bobcat,False,https://www.inaturalist.org/observations/36347672
36348497,2013-10-24,42.2999745838,-72.2389863222,4.0,research,41976,Lynx rufus,Bobcat,False,https://www.inaturalist.org/observations/36348497
36375995,2019-09-15,42.0398058359,-71.6793065195,184.0,research,41976,Lynx rufus,Bobcat,False,https://www.inaturalist.org/observations/36375995
36537058,2013-01-07,42.3055591064,-72.2333373418,8.0,research,41976,Lynx rufus,Bobcat,False,https://www.inaturalist.org/observations/36537058
36648898,2019-12-14,42.09750833,-72.0247195,5.0,research,41976,Lynx rufus,Bobcat,False,https://www.inaturalist.org/observations/36648898
37169587,2020-01-01,42.337448,-72.6319119722,,research,41976,Lynx rufus,Bobcat,False,https://www.inaturalist.org/observations/37169587
37501342,2020-01-11,42.1970776066,-71.6645954178,15.0,research,41976,Lynx rufus,Bobcat,False,https://www.inaturalist.org/observations/37501342
37820917,2020-01-18,42.1978566346,-71.6816199055,122.0,research,41976,Lynx rufus,Bobcat,False,https://www.inaturalist.org/observations/37820917
38092508,2020-01-08,42.61395,-72.53620333,10.0,research,41976,Lynx rufus,Bobcat,False,https://www.inaturalist.org/observations/38092508
38133840,2020-01-03,42.4132638994,-71.5103279703,2.0,research,41976,Lynx rufus,Bobcat,False,https://www.inaturalist.org/observations/38133840
39019435,2020-02-20,42.1975364408,-71.6817922362,8.0,research,41976,Lynx rufus,Bobcat,False,https://www.inaturalist.org/observations/39019435
39542127,2020-03-04,42.0284701213,-71.9148054935,61.0,research,41976,Lynx rufus,Bobcat,False,https://www.inaturalist.org/observations/39542127
40357410,2020-03-17,42.3444600442,-72.2350032613,8.0,research,41976,Lynx rufus,Bobcat,False,https://www.inaturalist.org/observations/40357410
40718004,2020-03-08,42.3789990222,-71.6483287417,15.0,research,41976,Lynx rufus,Bobcat,False,https://www.inaturalist.org/observations/40718004
41842774,2020-04-08,42.1977195339,-71.6816169557,8.0,research,41976,Lynx rufus,Bobcat,False,https://www.inaturalist.org/observations/41842774
45261642,2020-05-07,42.3399503321,-72.6524760577,186.0,research,41976,Lynx rufus,Bobcat,False,https://www.inaturalist.org/observations/45261642
48711113,2020-04-09,42.4014566796,-71.8467400206,4.0,research,41976,Lynx rufus,Bobcat,False,https://www.inaturalist.org/observations/48711113
48720049,2020-02-22,42.6981089861,-71.9061904687,2.0,research,41976,Lynx rufus,Bobcat,False,https://www.inaturalist.org/observations/48720049
50759717,2020-06-24,42.52860333,-71.73211667,4.0,research,41976,Lynx rufus,Bobcat,False,https://www.inaturalist.org/observations/50759717
53539548,2020-07-18,42.54554667,-71.55633667,5.0,research,41976,Lynx rufus,Bobcat,False,https://www.inaturalist.org/observations/53539548
53779854,2020-07-08,42.2673124,-71.5350693,169.0,research,41976,Lynx rufus,Bobcat,False,https://www.inaturalist.org/observations/53779854
54316246,2020-07-24,42.2770174084,-73.0377059379,124.0,research,41976,Lynx rufus,Bobcat,False,https://www.inaturalist.org/observations/54316246
59208900,2020-09-11,42.58624167,-71.50021333,16.0,research,41976,Lynx rufus,Bobcat,False,https://www.inaturalist.org/observations/59208900
61992975,2020-10-05,42.5942819142,-71.5535604664,136.0,research,41976,Lynx rufus,Bobcat,False,https://www.inaturalist.org/observations/61992975
62249191,2020-10-10,42.4594919207,-71.3003352215,174.0,research,41976,Lynx rufus,Bobcat,False,https://www.inaturalist.org/observations/62249191
63501417,2020-09-19,42.61265333,-72.48725,5.0,research,41976,Lynx rufus,Bobcat,False,https://www.inaturalist.org/observations/63501417
64804963,2020-11-13,42.277443697,-71.9581184513,15.0,research,632297,Lynx rufus rufus,Eastern Bobcat,False,https://www.inaturalist.org/observations/64804963
66087562,2020-11-23,42.5651852461,-71.790721044,4.0,research,41976,Lynx rufus,Bobcat,False,https://www.inaturalist.org/observations/66087562
66777710,2020-12-19,42.6126060174,-71.5711150755,204.0,research,41976,Lynx rufus,Bobcat,False,https://www.inaturalist.org/observations/66777710
66809048,2020-12-10,42.141390603,-72.1145880595,23.0,research,632297,Lynx rufus rufus,Eastern Bobcat,False,https://www.inaturalist.org/observations/66809048
66937517,2020-12-21,42.4806133333,-73.2511883333,11.0,research,41976,Lynx rufus,Bobcat,False,https://www.inaturalist.org/observations/66937517
67012437,2020-12-24,42.1326305,-73.30448,23.0,research,41976,Lynx rufus,Bobcat,False,https://www.inaturalist.org/observations/67012437
67714648,2021-01-04,42.0423122551,-71.4760959148,67.0,research,41976,Lynx rufus,Bobcat,False,https://www.inaturalist.org/observations/67714648
68403152,2021-01-19,42.66758725,-72.3288302,4.0,research,632297,Lynx rufus rufus,Eastern Bobcat,False,https://www.inaturalist.org/observations/68403152
68700383,2021-01-27,42.7014361111,-72.7756583333,13.0,research,41976,Lynx rufus,Bobcat,False,https://www.inaturalist.org/observations/68700383
68700384,2021-01-27,42.7014694444,-72.7757944444,6.0,research,41976,Lynx rufus,Bobcat,False,https://www.inaturalist.org/observations/68700384
68701836,2021-01-27,42.1411372747,-72.1141159907,14.0,research,41976,Lynx rufus,Bobcat,False,https://www.inaturalist.org/observations/68701836
69030153,2021-01-31,42.2785466344,-71.2704883333,125.0,research,41976,Lynx rufus,Bobcat,False,https://www.inaturalist.org/observations/69030153
69228796,2021-01-20,42.48215,-71.39451,20.0,research,41976,Lynx rufus,Bobcat,False,https://www.inaturalist.org/observations/69228796
69563072,2021-01-05,42.459991046,-72.6411656517,139.0,research,41976,Lynx rufus,Bobcat,False,https://www.inaturalist.org/observations/69563072
69615212,2021-02-15,42.2969659298,-71.88395415,22.0,research,41976,Lynx rufus,Bobcat,False,https://www.inaturalist.org/observations/69615212
70578159,2021-03-03,42.44482,-71.6303866667,8.0,research,41976,Lynx rufus,Bobcat,False,https://www.inaturalist.org/observations/70578159
70841609,2021-03-03,42.8688191161,-70.9623750113,64.0,research,41976,Lynx rufus,Bobcat,False,https://www.inaturalist.org/observations/70841609
71098442,2020-12-03,42.326667,-72.539167,,research,632297,Lynx rufus rufus,Eastern Bobcat,False,https://www.inaturalist.org/observations/71098442
72012403,2020-06-16,42.2189967123,-71.5691066322,46.0,research,41976,Lynx rufus,Bobcat,False,https://www.inaturalist.org/observations/72012403
72560377,2021-02-23,42.6676279944,-72.005347386,101.0,research,41976,Lynx rufus,Bobcat,False,https://www.inaturalist.org/observations/72560377
72796470,2021-03-15,42.329473,-72.533925,,research,41976,Lynx rufus,Bobcat,False,https://www.inaturalist.org/observations/72796470
73149754,2021-04-06,42.8073366667,-70.9730133333,5.0,research,41976,Lynx rufus,Bobcat,False,https://www.inaturalist.org/observations/73149754
77252399,2021-05-04,42.4150283333,-72.744575,10.0,research,41976,Lynx rufus,Bobcat,False,https://www.inaturalist.org/observations/77252399
77372951,2021-03-22,42.4659672065,-71.4118370144,15.0,research,41976,Lynx rufus,Bobcat,False,https://www.inaturalist.org/observations/77372951
77372972,2021-04-08,42.4569154597,-71.6517789536,31.0,research,41976,Lynx rufus,Bobcat,False,https://www.inaturalist.org/observations/77372972
77620129,2021-04-30,42.0960503303,-72.3312153295,187.0,research,41976,Lynx rufus,Bobcat,False,https://www.inaturalist.org/observations/77620129
77851362,2021-04-21,42.2863166667,-72.3087,4.0,research,41976,Lynx rufus,Bobcat,False,https://www.inaturalist.org/observations/77851362
78518597,2021-05-11,42.4162203285,-71.4454693901,22.0,research,632297,Lynx rufus rufus,Eastern Bobcat,False,https://www.inaturalist.org/observations/78518597
79205079,2021-05-17,42.6082270761,-71.4410937119,22.0,research,41976,Lynx rufus,Bobcat,False,https://www.inaturalist.org/observations/79205079
81942393,2021-01-22,42.4133223194,-71.5105061304,28.0,research,41976,Lynx rufus,Bobcat,False,https://www.inaturalist.org/observations/81942393
82371917,2021-06-04,42.3031116667,-72.68743,10.0,research,41976,Lynx rufus,Bobcat,False,https://www.inaturalist.org/observations/82371917
83645300,2021-06-18,42.1164699722,-72.870857,,research,632297,Lynx rufus rufus,Eastern Bobcat,False,https://www.inaturalist.org/observations/83645300
83832915,2021-06-13,42.5260712147,-71.2783178687,109.0,research,41976,Lynx rufus,Bobcat,False,https://www.inaturalist.org/observations/83832915
86492628,2021-06-26,42.6233844442,-72.4645050243,118.0,research,41976,Lynx rufus,Bobcat,False,https://www.inaturalist.org/observations/86492628
86809032,2021-07-12,42.8155540692,-70.9588555457,116.0,research,41976,Lynx rufus,Bobcat,False,https://www.inaturalist.org/observations/86809032
89427542,2021-07-13,42.8156148759,-70.9588522464,130.0,research,41976,Lynx rufus,Bobcat,False,https://www.inaturalist.org/observations/89427542
91690525,2021-08-16,42.2764271303,-73.0354685097,24.0,research,41976,Lynx rufus,Bobcat,False,https://www.inaturalist.org/observations/91690525
92180066,2020-01-05,42.5755804256,-71.6885702523,2.0,research,41976,Lynx rufus,Bobcat,False,https://www.inaturalist.org/observations/92180066
92606763,2021-08-25,42.4361666667,-71.4463283333,,research,41976,Lynx rufus,Bobcat,False,https://www.inaturalist.org/observations/92606763
93502075,2021-09-03,42.0652666667,-73.2955033333,4.0,research,41976,Lynx rufus,Bobcat,False,https://www.inaturalist.org/observations/93502075
93916199,2021-08-27,42.8071119257,-70.973198765,121.0,research,41976,Lynx rufus,Bobcat,False,https://www.inaturalist.org/observations/93916199
99453664,2021-05-12,42.332207,-72.537224,,research,41976,Lynx rufus,Bobcat,False,https://www.inaturalist.org/observations/99453664
102169965,2021-11-07,42.6241877044,-72.4614912271,129.0,research,41976,Lynx rufus,Bobcat,False,https://www.inaturalist.org/observations/102169965
102187975,2021-11-29,42.2240245363,-72.2370047084,4.0,research,41976,Lynx rufus,Bobcat,False,https://www.inaturalist.org/observations/102187975
102833872,2021-12-10,42.1483453378,-72.0806782503,61.0,research,41976,Lynx rufus,Bobcat,False,https://www.inaturalist.org/observations/102833872
103069675,2021-12-06,42.5943995687,-71.5533353476,137.0,research,41976,Lynx rufus,Bobcat,False,https://www.inaturalist.org/observations/103069675
103095017,2021-12-14,42.5014006876,-71.5043674357,169.0,research,41976,Lynx rufus,Bobcat,False,https://www.inaturalist.org/observations/103095017
103177091,2021-12-16,42.4133729722,-71.970584,,research,41976,Lynx rufus,Bobcat,False,https://www.inaturalist.org/observations/103177091
103499099,2021-12-22,42.41385,-71.51072,10.0,research,41976,Lynx rufus,Bobcat,False,https://www.inaturalist.org/observations/103499099
103737023,2021-12-20,42.185173724,-71.6822040911,161.0,research,41976,Lynx rufus,Bobcat,False,https://www.inaturalist.org/observations/103737023
105192441,2022-01-15,42.6257256129,-72.4601886794,112.0,research,41976,Lynx rufus,Bobcat,False,https://www.inaturalist.org/observations/105192441
106244674,2022-02-05,42.4066866667,-71.654205,5.0,research,41976,Lynx rufus,Bobcat,False,https://www.inaturalist.org/observations/106244674
106273338,2022-02-06,42.5729672188,-71.5107325567,6.0,research,41976,Lynx rufus,Bobcat,False,https://www.inaturalist.org/observations/106273338
106548045,2022-02-09,42.539,-71.52,,research,41976,Lynx rufus,Bobcat,False,https://www.inaturalist.org/observations/106548045
106683465,2022-02-06,42.1289928505,-72.4498602725,4.0,research,41976,Lynx rufus,Bobcat,False,https://www.inaturalist.org/observations/106683465
107139299,2022-02-20,42.1776866667,-73.240875,22.0,research,41976,Lynx rufus,Bobcat,False,https://www.inaturalist.org/observations/107139299
107856985,2022-02-13,42.1977466759,-71.6815815864,15.0,research,41976,Lynx rufus,Bobcat,False,https://www.inaturalist.org/observations/107856985
108513439,2022-03-13,42.435025,-72.0737083333,13.0,research,41976,Lynx rufus,Bobcat,False,https://www.inaturalist.org/observations/108513439
109094473,2022-03-05,42.6035135997,-72.5373278997,,research,41976,Lynx rufus,Bobcat,False,https://www.inaturalist.org/observations/109094473
111477423,2020-04-23,42.6651109132,-73.2562814016,186.0,research,41976,Lynx rufus,Bobcat,False,https://www.inaturalist.org/observations/111477423
112297295,2022-03-12,42.6947222222,-71.725,,research,632297,Lynx rufus rufus,Eastern Bobcat,False,https://www.inaturalist.org/observations/112297295
113234752,2022-04-25,42.5809666692,-72.4856777117,67.0,research,632297,Lynx rufus rufus,Eastern Bobcat,False,https://www.inaturalist.org/observations/113234752
116374214,2022-04-27,42.1828527778,-73.092575,4.0,research,41976,Lynx rufus,Bobcat,False,https://www.inaturalist.org/observations/116374214
116502748,2022-05-09,42.474176713,-71.6395613557,200.0,research,41976,Lynx rufus,Bobcat,False,https://www.inaturalist.org/observations/116502748
122650998,2022-06-20,42.450241,-71.25679,,research,41976,Lynx rufus,Bobcat,False,https://www.inaturalist.org/observations/122650998
122753084,2021-06-09,42.4433529261,-71.2572891753,146.0,research,41976,Lynx rufus,Bobcat,False,https://www.inaturalist.org/observations/122753084
123557616,2022-06-23,42.4657656868,-71.9686584954,8.0,research,41976,Lynx rufus,Bobcat,False,https://www.inaturalist.org/observations/123557616
124899198,2022-05-19,42.2928852284,-71.3129786769,15.0,research,41976,Lynx rufus,Bobcat,False,https://www.inaturalist.org/observations/124899198
127505254,2020-02-09,42.6526260376,-71.4557647705,36.0,research,41976,Lynx rufus,Bobcat,False,https://www.inaturalist.org/observations/127505254
127539783,2020-02-09,42.6524124146,-71.4560699463,51.0,research,41976,Lynx rufus,Bobcat,False,https://www.inaturalist.org/observations/127539783
128703859,2022-07-30,42.1978269321,-71.6815200427,189.0,research,41976,Lynx rufus,Bobcat,False,https://www.inaturalist.org/observations/128703859
130999203,2021-07-22,42.6920916667,-71.228645,5.0,research,41976,Lynx rufus,Bobcat,False,https://www.inaturalist.org/observations/130999203
131579215,2022-05-20,42.2766908918,-72.2633396035,89.0,research,41976,Lynx rufus,Bobcat,False,https://www.inaturalist.org/observations/131579215
132216723,2022-08-24,42.5579619258,-72.3023171992,61.0,research,632297,Lynx rufus rufus,Eastern Bobcat,False,https://www.inaturalist.org/observations/132216723
133073861,2022-08-31,42.52861,-71.7257139722,,research,41976,Lynx rufus,Bobcat,False,https://www.inaturalist.org/observations/133073861
133254121,2022-07-19,42.6139033333,-72.4872133333,10.0,research,41976,Lynx rufus,Bobcat,False,https://www.inaturalist.org/observations/133254121
134417656,2022-09-10,42.1672848686,-71.0975409123,159.0,research,41976,Lynx rufus,Bobcat,False,https://www.inaturalist.org/observations/134417656
134456475,2022-09-09,42.0742815595,-71.5554519266,38.0,research,41976,Lynx rufus,Bobcat,False,https://www.inaturalist.org/observations/134456475
134935313,2022-09-13,42.4661970001,-71.9693377241,139.0,research,41976,Lynx rufus,Bobcat,False,https://www.inaturalist.org/observations/134935313
137050026,2022-09-30,42.1239310472,-73.1886531344,4.0,research,41976,Lynx rufus,Bobcat,False,https://www.inaturalist.org/observations/137050026
137288684,2022-07-07,42.209443,-71.683628,,research,41976,Lynx rufus,Bobcat,False,https://www.inaturalist.org/observations/137288684
138175107,2022-10-09,42.6246514717,-71.6050908938,186.0,research,41976,Lynx rufus,Bobcat,False,https://www.inaturalist.org/observations/138175107
139128665,2022-10-17,42.4472674368,-71.2556870697,212.0,research,41976,Lynx rufus,Bobcat,False,https://www.inaturalist.org/observations/139128665
139192763,2020-10-20,42.3965140613,-72.5356197873,67.0,research,41976,Lynx rufus,Bobcat,False,https://www.inaturalist.org/observations/139192763
140934459,2022-10-28,42.5826900529,-71.4311826602,14.0,research,632297,Lynx rufus rufus,Eastern Bobcat,False,https://www.inaturalist.org/observations/140934459
142562261,2022-11-21,42.4667572997,-71.3104823997,,research,41976,Lynx rufus,Bobcat,False,https://www.inaturalist.org/observations/142562261
142809934,2022-11-08,42.300525,-71.7826216667,4.0,research,41976,Lynx rufus,Bobcat,False,https://www.inaturalist.org/observations/142809934
143361628,2022-11-20,42.6825553997,-71.6084517,,research,41976,Lynx rufus,Bobcat,False,https://www.inaturalist.org/observations/143361628
144890414,2022-12-22,42.3611718323,-72.6735027205,40.0,research,41976,Lynx rufus,Bobcat,False,https://www.inaturalist.org/observations/144890414
145067924,2022-12-24,42.355034924,-72.2299462566,8.0,research,41976,Lynx rufus,Bobcat,False,https://www.inaturalist.org/observations/145067924
145500074,2022-12-25,42.6362168653,-71.5647496283,16.0,research,41976,Lynx rufus,Bobcat,False,https://www.inaturalist.org/observations/145500074
145601197,2022-12-22,42.5578715469,-71.7284032702,194.0,research,41976,Lynx rufus,Bobcat,False,https://www.inaturalist.org/observations/145601197
146226296,2023-01-09,42.1780166667,-71.9314416667,10.0,research,41976,Lynx rufus,Bobcat,False,https://www.inaturalist.org/observations/146226296
146692707,2023-01-15,42.4219585337,-72.2237209897,8.0,research,41976,Lynx rufus,Bobcat,False,https://www.inaturalist.org/observations/146692707
146931251,2022-12-08,42.5825592146,-71.4310767129,46.0,research,632297,Lynx rufus rufus,Eastern Bobcat,False,https://www.inaturalist.org/observations/146931251
147072187,2023-01-21,42.516155,-72.3108133333,58.0,research,41976,Lynx rufus,Bobcat,False,https://www.inaturalist.org/observations/147072187
147149489,2023-01-21,42.1397770339,-71.4121449085,186.0,research,41976,Lynx rufus,Bobcat,False,https://www.inaturalist.org/observations/147149489
147323879,2023-01-25,42.476495937,-71.329959308,42.0,research,41976,Lynx rufus,Bobcat,False,https://www.inaturalist.org/observations/147323879
147338562,2021-12-14,42.1146583333,-72.7919616667,4.0,research,41976,Lynx rufus,Bobcat,False,https://www.inaturalist.org/observations/147338562
147491583,2023-01-27,42.0831333333,-73.3845883333,12.0,research,41976,Lynx rufus,Bobcat,False,https://www.inaturalist.org/observations/147491583
147527186,2023-01-28,42.0568916667,-73.1269916667,4.0,research,41976,Lynx rufus,Bobcat,False,https://www.inaturalist.org/observations/147527186
147641356,2023-01-16,42.5240333333,-71.3856883333,30.0,research,41976,Lynx rufus,Bobcat,False,https://www.inaturalist.org/observations/147641356
148600246,2023-02-10,42.3124513615,-71.4350585272,8.0,research,41976,Lynx rufus,Bobcat,False,https://www.inaturalist.org/observations/148600246
149261197,2023-02-15,42.5419868144,-72.2500227106,4.0,research,41976,Lynx rufus,Bobcat,False,https://www.inaturalist.org/observations/149261197
150490169,2023-03-05,42.5138465988,-72.2801159995,9.0,research,41976,Lynx rufus,Bobcat,False,https://www.inaturalist.org/observations/150490169
150765623,2023-01-19,42.32948,-72.53377,,research,41976,Lynx rufus,Bobcat,False,https://www.inaturalist.org/observations/150765623
152617270,2023-03-28,42.35546875,-72.5051193237,137.0,research,41976,Lynx rufus,Bobcat,False,https://www.inaturalist.org/observations/152617270
152826076,2023-03-26,42.2833713132,-71.9521839917,167.0,research,41976,Lynx rufus,Bobcat,False,https://www.inaturalist.org/observations/152826076
153174067,2023-04-02,42.2867994,-71.8968409,,research,41976,Lynx rufus,Bobcat,False,https://www.inaturalist.org/observations/153174067
153805243,2022-07-11,42.134550631,-72.2423125058,116.0,research,632297,Lynx rufus rufus,Eastern Bobcat,False,https://www.inaturalist.org/observations/153805243
154173811,2023-04-09,42.2444259611,-72.5791407649,135.0,research,632297,Lynx rufus rufus,Eastern Bobcat,False,https://www.inaturalist.org/observations/154173811
155521793,2023-04-11,42.6432333333,-71.350175,8.0,research,41976,Lynx rufus,Bobcat,False,https://www.inaturalist.org/observations/155521793
157562908,2023-04-28,42.3276996573,-72.68254783,186.0,research,41976,Lynx rufus,Bobcat,False,https://www.inaturalist.org/observations/157562908
159210242,2022-11-14,42.6650478,-73.261678,186.0,research,632297,Lynx rufus rufus,Eastern Bobcat,False,https://www.inaturalist.org/observations/159210242
162194898,2023-05-17,42.1402111912,-72.4517621807,15.0,research,41976,Lynx rufus,Bobcat,False,https://www.inaturalist.org/observations/162194898
163217728,2023-05-16,42.7200309971,-73.2097484171,9.0,research,41976,Lynx rufus,Bobcat,False,https://www.inaturalist.org/observations/163217728
164453725,2023-05-28,42.31210611,-71.4350349829,52.0,research,41976,Lynx rufus,Bobcat,False,https://www.inaturalist.org/observations/164453725
167341933,2023-02-23,42.1555447894,-71.4468214248,38.0,research,632297,Lynx rufus rufus,Eastern Bobcat,False,https://www.inaturalist.org/observations/167341933
168597668,2023-06-07,42.3031966667,-72.6872466667,15.0,research,41976,Lynx rufus,Bobcat,False,https://www.inaturalist.org/observations/168597668
175180874,2022-12-29,42.2819377073,-72.3928658074,4.0,research,41976,Lynx rufus,Bobcat,False,https://www.inaturalist.org/observations/175180874
175420745,2023-04-12,42.0710532569,-72.1500683884,39.0,research,41976,Lynx rufus,Bobcat,False,https://www.inaturalist.org/observations/175420745
175529921,2023-07-29,42.0713223914,-72.1501532074,35.0,research,41976,Lynx rufus,Bobcat,False,https://www.inaturalist.org/observations/175529921
179513924,2023-08-21,42.5653482,-71.9637062997,,research,41976,Lynx rufus,Bobcat,False,https://www.inaturalist.org/observations/179513924
180340318,2023-08-26,42.52068,-72.3065716667,3.0,research,41976,Lynx rufus,Bobcat,False,https://www.inaturalist.org/observations/180340318
182253683,2023-09-07,42.4894017408,-71.5348359035,50.0,research,41976,Lynx rufus,Bobcat,False,https://www.inaturalist.org/observations/182253683
184874408,2023-09-21,42.5464966667,-71.3700116667,4.0,research,41976,Lynx rufus,Bobcat,False,https://www.inaturalist.org/observations/184874408
186367361,2023-04-05,42.3682554568,-71.9887894794,4.0,research,41976,Lynx rufus,Bobcat,False,https://www.inaturalist.org/observations/186367361
187036403,2023-10-10,42.5466783333,-71.2808833333,4.0,research,41976,Lynx rufus,Bobcat,False,https://www.inaturalist.org/observations/187036403
187185176,2023-08-30,42.4250893971,-71.5281397699,2.0,research,41976,Lynx rufus,Bobcat,False,https://www.inaturalist.org/observations/187185176
187186685,2023-08-31,42.4250924071,-71.5282121357,8.0,research,41976,Lynx rufus,Bobcat,False,https://www.inaturalist.org/observations/187186685
188245206,2023-10-20,42.5862533333,-71.5001,89.0,research,41976,Lynx rufus,Bobcat,False,https://www.inaturalist.org/observations/188245206
188713536,2023-10-19,42.4679629928,-71.3060628873,23.0,research,632297,Lynx rufus rufus,Eastern Bobcat,False,https://www.inaturalist.org/observations/188713536
188768100,2023-03-14,42.3548147997,-71.6292559,,research,41976,Lynx rufus,Bobcat,False,https://www.inaturalist.org/observations/188768100
189562871,2023-10-31,42.2600841616,-72.4178855494,188.0,research,41976,Lynx rufus,Bobcat,False,https://www.inaturalist.org/observations/189562871
190321197,2023-11-07,42.20981,-71.4485212,38.0,research,41976,Lynx rufus,Bobcat,False,https://www.inaturalist.org/observations/190321197
190356217,2023-11-06,42.4955433658,-71.364100972,114.0,research,41976,Lynx rufus,Bobcat,False,https://www.inaturalist.org/observations/190356217
190610130,2023-11-09,42.4169105411,-72.5240746458,61.0,research,41976,Lynx rufus,Bobcat,False,https://www.inaturalist.org/observations/190610130
193271331,2020-02-19,42.4633278577,-72.3427206066,2.0,research,41976,Lynx rufus,Bobcat,False,https://www.inaturalist.org/observations/193271331
196304668,2024-01-10,42.6042002788,-71.6168197682,15.0,research,41976,Lynx rufus,Bobcat,False,https://www.inaturalist.org/observations/196304668
197006934,2023-09-13,42.477254917,-71.3205177337,188.0,research,41976,Lynx rufus,Bobcat,False,https://www.inaturalist.org/observations/197006934
197091561,2024-01-19,42.36513,-71.878655,3.0,research,41976,Lynx rufus,Bobcat,False,https://www.inaturalist.org/observations/197091561
197338275,2024-01-22,42.1856192147,-71.938368129,61.0,research,41976,Lynx rufus,Bobcat,False,https://www.inaturalist.org/observations/197338275
197408105,2024-01-23,42.5708383333,-72.3987583333,6.0,research,41976,Lynx rufus,Bobcat,False,https://www.inaturalist.org/observations/197408105
197510147,2024-01-23,42.4756077909,-71.9190704316,17.0,research,41976,Lynx rufus,Bobcat,False,https://www.inaturalist.org/observations/197510147
197615590,2024-01-21,41.9982033333,-71.0672916667,4.0,research,41976,Lynx rufus,Bobcat,False,https://www.inaturalist.org/observations/197615590
197927493,2024-01-29,42.4199133333,-72.5476216667,6.0,research,41976,Lynx rufus,Bobcat,False,https://www.inaturalist.org/observations/197927493
198213793,2024-02-01,42.0582162028,-72.2626279174,14.0,research,41976,Lynx rufus,Bobcat,False,https://www.inaturalist.org/observations/198213793
198213849,2024-01-17,42.0581840822,-72.2625449114,4.0,research,41976,Lynx rufus,Bobcat,False,https://www.inaturalist.org/observations/198213849
198730797,2024-02-03,42.3213305556,-72.2935444444,,research,41976,Lynx rufus,Bobcat,False,https://www.inaturalist.org/observations/198730797
198804797,2023-10-19,42.0668947238,-72.261130695,15.0,research,632297,Lynx rufus rufus,Eastern Bobcat,False,https://www.inaturalist.org/observations/198804797
199748064,2024-02-18,42.69153568,-72.39992971,4.0,research,41976,Lynx rufus,Bobcat,False,https://www.inaturalist.org/observations/199748064
199748099,2024-02-18,42.68942998,-72.40064469,4.0,research,41976,Lynx rufus,Bobcat,False,https://www.inaturalist.org/observations/199748099
199835565,2024-02-19,42.4213821722,-72.4803350861,,research,41976,Lynx rufus,Bobcat,False,https://www.inaturalist.org/observations/199835565
200323292,2024-02-18,42.6822792,-71.605371,,research,41976,Lynx rufus,Bobcat,False,https://www.inaturalist.org/observations/200323292
201811777,2024-03-04,42.4856547514,-71.463347564,4.0,research,41976,Lynx rufus,Bobcat,False,https://www.inaturalist.org/observations/201811777
201981965,2024-03-10,42.0568311826,-73.1272128352,25.0,research,41976,Lynx rufus,Bobcat,False,https://www.inaturalist.org/observations/201981965
207644888,2024-04-16,42.623161,-71.643,191.0,research,41976,Lynx rufus,Bobcat,False,https://www.inaturalist.org/observations/207644888
208962410,2024-04-23,42.5676803649,-72.2184821803,23.0,research,41976,Lynx rufus,Bobcat,False,https://www.inaturalist.org/observations/208962410
210401634,2024-04-27,42.3985623988,-72.5199914631,5.0,research,41976,Lynx rufus,Bobcat,False,https://www.inaturalist.org/observations/210401634
212220416,2024-03-25,42.4680082266,-71.3060468213,23.0,research,632297,Lynx rufus rufus,Eastern Bobcat,False,https://www.inaturalist.org/observations/212220416
212418898,2024-04-30,42.3347041196,-73.2912743057,14.0,research,41976,Lynx rufus,Bobcat,False,https://www.inaturalist.org/observations/212418898
212685945,2024-05-01,42.5575666667,-71.819345,5.0,research,41976,Lynx rufus,Bobcat,False,https://www.inaturalist.org/observations/212685945
213393089,2024-05-04,42.395617624,-71.965840044,39.0,research,41976,Lynx rufus,Bobcat,False,https://www.inaturalist.org/observations/213393089
214754860,2024-05-09,42.2029968761,-71.6851125826,58.0,research,41976,Lynx rufus,Bobcat,False,https://www.inaturalist.org/observations/214754860
216338004,2024-05-13,42.45743787,-72.25136552,9.0,research,41976,Lynx rufus,Bobcat,False,https://www.inaturalist.org/observations/216338004
217838241,2024-02-25,42.1808442422,-71.388870813,20.0,research,41976,Lynx rufus,Bobcat,False,https://www.inaturalist.org/observations/217838241
219014824,2024-05-20,42.6139742769,-71.3867872272,8.0,research,41976,Lynx rufus,Bobcat,False,https://www.inaturalist.org/observations/219014824
219817635,2024-05-29,42.4933635952,-71.3704928754,39.0,research,41976,Lynx rufus,Bobcat,False,https://www.inaturalist.org/observations/219817635
220383238,2024-05-20,42.3306,-72.6419966667,26.0,research,41976,Lynx rufus,Bobcat,False,https://www.inaturalist.org/observations/220383238
229367510,2024-07-14,42.3294319864,-71.5620699381,25.0,research,41976,Lynx rufus,Bobcat,False,https://www.inaturalist.org/observations/229367510
231196739,2006-11-30,42.5394720552,-72.608383764,31.0,research,41976,Lynx rufus,Bobcat,False,https://www.inaturalist.org/observations/231196739
231496884,2024-07-24,42.0465706393,-72.2366946191,189.0,research,632297,Lynx rufus rufus,Eastern Bobcat,False,https://www.inaturalist.org/observations/231496884
232387222,2024-07-26,42.0304120379,-71.0362918513,61.0,research,41976,Lynx rufus,Bobcat,False,https://www.inaturalist.org/observations/232387222
235503803,2024-08-13,42.1530607553,-72.7623878047,53.0,research,41976,Lynx rufus,Bobcat,False,https://www.inaturalist.org/observations/235503803
237043898,2024-08-14,42.4933263511,-71.3706645015,167.0,research,41976,Lynx rufus,Bobcat,False,https://www.inaturalist.org/observations/237043898
237203006,2024-08-16,42.3830116728,-72.5513616667,23.0,research,41976,Lynx rufus,Bobcat,False,https://www.inaturalist.org/observations/237203006
237676860,2024-08-24,42.563995,-72.1575695,19.0,research,41976,Lynx rufus,Bobcat,False,https://www.inaturalist.org/observations/237676860
238172747,2024-08-16,42.4973065512,-71.3638756776,81.0,research,41976,Lynx rufus,Bobcat,False,https://www.inaturalist.org/observations/238172747
238763508,2024-08-30,42.4933460652,-71.3705169204,47.0,research,41976,Lynx rufus,Bobcat,False,https://www.inaturalist.org/observations/238763508
239533345,2024-09-02,42.4756410045,-71.9185075625,16.0,research,41976,Lynx rufus,Bobcat,False,https://www.inaturalist.org/observations/239533345
240366300,2024-09-07,42.2335466667,-72.6647716667,8.0,research,41976,Lynx rufus,Bobcat,False,https://www.inaturalist.org/observations/240366300
240862730,2024-09-09,42.4931793249,-71.3707621142,110.0,research,41976,Lynx rufus,Bobcat,False,https://www.inaturalist.org/observations/240862730
240913447,2024-08-26,42.1907055556,-71.4443388889,,research,41976,Lynx rufus,Bobcat,False,https://www.inaturalist.org/observations/240913447
241436322,2024-09-11,42.4932705542,-71.3706647201,115.0,research,41976,Lynx rufus,Bobcat,False,https://www.inaturalist.org/observations/241436322
242700888,2024-09-19,42.1995470273,-71.758414769,6.0,research,41976,Lynx rufus,Bobcat,False,https://www.inaturalist.org/observations/242700888
243433728,2024-09-21,42.6688603069,-71.6284313131,4.0,research,41976,Lynx rufus,Bobcat,False,https://www.inaturalist.org/observations/243433728
244054771,2024-09-25,42.4939573231,-71.3645955735,42.0,research,41976,Lynx rufus,Bobcat,False,https://www.inaturalist.org/observations/244054771
244121124,2024-09-26,42.3750670305,-72.4916460134,36.0,research,41976,Lynx rufus,Bobcat,False,https://www.inaturalist.org/observations/244121124
245074493,2024-09-30,42.6279648128,-71.730203703,30.0,research,41976,Lynx rufus,Bobcat,False,https://www.inaturalist.org/observations/245074493
245348512,2024-09-30,42.4959531693,-71.3637799529,165.0,research,41976,Lynx rufus,Bobcat,False,https://www.inaturalist.org/observations/245348512
246506363,2000-02-18,42.4717279767,-72.7705662853,31.0,research,41976,Lynx rufus,Bobcat,False,https://www.inaturalist.org/observations/246506363
248939067,2024-10-24,42.4787057612,-71.2465047046,3.0,research,41976,Lynx rufus,Bobcat,False,https://www.inaturalist.org/observations/248939067
250492814,2024-11-04,42.3931250632,-72.5363224266,4.0,research,41976,Lynx rufus,Bobcat,False,https://www.inaturalist.org/observations/250492814
252204012,2024-06-19,42.5076645004,-71.3275113795,20.0,research,41976,Lynx rufus,Bobcat,False,https://www.inaturalist.org/observations/252204012
254632826,2024-12-08,42.2987804548,-72.238922508,4.0,research,41976,Lynx rufus,Bobcat,False,https://www.inaturalist.org/observations/254632826
255639353,2024-12-19,42.3751061783,-72.4912376915,90.0,research,41976,Lynx rufus,Bobcat,False,https://www.inaturalist.org/observations/255639353
256164872,2024-12-25,42.5862383333,-71.5001966667,19.0,research,632297,Lynx rufus rufus,Eastern Bobcat,False,https://www.inaturalist.org/observations/256164872
256300407,2024-12-26,42.3414333504,-72.5261607259,50.0,research,41976,Lynx rufus,Bobcat,False,https://www.inaturalist.org/observations/256300407
256307771,2024-12-26,42.6603133333,-71.6177133333,4.0,research,41976,Lynx rufus,Bobcat,False,https://www.inaturalist.org/observations/256307771
256377181,2024-12-25,42.3428222486,-72.5662493149,2.0,research,41976,Lynx rufus,Bobcat,False,https://www.inaturalist.org/observations/256377181
256673433,2024-12-27,42.7395383333,-73.217605,4.0,research,41976,Lynx rufus,Bobcat,False,https://www.inaturalist.org/observations/256673433
256838517,2024-12-10,42.3162650481,-71.8002559617,140.0,research,41976,Lynx rufus,Bobcat,False,https://www.inaturalist.org/observations/256838517
256882601,2024-12-31,42.3743716437,-72.4909863658,244.0,research,632297,Lynx rufus rufus,Eastern Bobcat,False,https://www.inaturalist.org/observations/256882601
258767493,2025-01-17,42.67473471,-72.32307578,10.0,research,41976,Lynx rufus,Bobcat,False,https://www.inaturalist.org/observations/258767493
261380666,2024-10-19,42.5703778159,-71.6411698592,215.0,research,41976,Lynx rufus,Bobcat,False,https://www.inaturalist.org/observations/261380666
261648955,2025-02-14,42.4182533333,-71.3854783333,,research,41976,Lynx rufus,Bobcat,False,https://www.inaturalist.org/observations/261648955
262269591,2025-02-18,42.569375,-71.414405,2.0,research,632297,Lynx rufus rufus,Eastern Bobcat,False,https://www.inaturalist.org/observations/262269591
262867557,2024-12-26,42.1430243731,-72.4520638885,4.0,research,41976,Lynx rufus,Bobcat,False,https://www.inaturalist.org/observations/262867557
263695018,2025-03-02,42.3644230535,-71.397809858,16.0,research,41976,Lynx rufus,Bobcat,False,https://www.inaturalist.org/observations/263695018
263771021,2024-09-17,42.361,-72.913,100.0,research,41976,Lynx rufus,Bobcat,False,https://www.inaturalist.org/observations/263771021
263886717,2025-03-04,42.4927386381,-71.3682409447,28.0,research,41976,Lynx rufus,Bobcat,False,https://www.inaturalist.org/observations/263886717
263886938,2025-03-04,42.4939902242,-71.3646466721,75.0,research,41976,Lynx rufus,Bobcat,False,https://www.inaturalist.org/observations/263886938
263935058,2025-03-01,42.490165941,-71.3666588666,181.0,research,41976,Lynx rufus,Bobcat,False,https://www.inaturalist.org/observations/263935058
264468266,2022-09-30,42.2367677924,-71.3751470694,46.0,research,41976,Lynx rufus,Bobcat,False,https://www.inaturalist.org/observations/264468266
265008056,2025-01-20,42.2675013735,-71.2140141814,36.0,research,632297,Lynx rufus rufus,Eastern Bobcat,False,https://www.inaturalist.org/observations/265008056
265008244,2025-02-21,42.2673606834,-71.2142510171,26.0,research,41976,Lynx rufus,Bobcat,False,https://www.inaturalist.org/observations/265008244
265451011,2025-03-14,42.4457539149,-71.1763580373,55.0,research,41976,Lynx rufus,Bobcat,False,https://www.inaturalist.org/observations/265451011
266596417,2025-03-22,42.354655,-72.6660783333,4.0,research,41976,Lynx rufus,Bobcat,False,https://www.inaturalist.org/observations/266596417
266610087,2025-02-24,42.3590727847,-72.5415731242,103.0,research,41976,Lynx rufus,Bobcat,False,https://www.inaturalist.org/observations/266610087
271613980,2025-02-26,42.1297211682,-72.4546709741,4.0,research,41976,Lynx rufus,Bobcat,False,https://www.inaturalist.org/observations/271613980
272661697,2025-04-24,42.471205,-71.1320945,19.0,research,41976,Lynx rufus,Bobcat,False,https://www.inaturalist.org/observations/272661697
274080653,2025-04-26,42.383295,-72.5152966667,6.0,research,41976,Lynx rufus,Bobcat,False,https://www.inaturalist.org/observations/274080653
276525621,2025-04-29,42.0787,-71.281975,4.0,research,41976,Lynx rufus,Bobcat,False,https://www.inaturalist.org/observations/276525621
277026016,2025-04-27,42.255230009,-71.3396260147,15.0,research,41976,Lynx rufus,Bobcat,False,https://www.inaturalist.org/observations/277026016
279080163,2025-03-02,42.1246175802,-72.5988973181,236.0,research,41976,Lynx rufus,Bobcat,False,https://www.inaturalist.org/observations/279080163
280521183,2025-05-07,42.2553210048,-71.3398073373,11.0,research,41976,Lynx rufus,Bobcat,False,https://www.inaturalist.org/observations/280521183
281476594,2025-05-15,42.5906053489,-71.6263554759,26.0,research,41976,Lynx rufus,Bobcat,False,https://www.inaturalist.org/observations/281476594
281940437,2025-04-26,42.3279946238,-71.3981797546,11.0,research,41976,Lynx rufus,Bobcat,False,https://www.inaturalist.org/observations/281940437
288630027,2025-05-10,42.1918966667,-71.413305,,research,41976,Lynx rufus,Bobcat,False,https://www.inaturalist.org/observations/288630027
288768493,2025-06-11,42.4232424354,-72.2211036086,46.0,research,41976,Lynx rufus,Bobcat,False,https://www.inaturalist.org/observations/288768493
289936092,2025-06-15,42.6811356997,-72.4787000997,,research,41976,Lynx rufus,Bobcat,False,https://www.inaturalist.org/observations/289936092
291082923,2025-06-19,42.3195530205,-72.5064597235,3.0,research,41976,Lynx rufus,Bobcat,False,https://www.inaturalist.org/observations/291082923
291226563,2025-06-20,42.6157716667,-71.3999866667,2.0,research,41976,Lynx rufus,Bobcat,False,https://www.inaturalist.org/observations/291226563
292370844,2020-09-23,42.4043045221,-72.5353815448,15.0,research,41976,Lynx rufus,Bobcat,False,https://www.inaturalist.org/observations/292370844
292370847,2025-06-15,42.4919499053,-71.5479224125,20.0,research,41976,Lynx rufus,Bobcat,False,https://www.inaturalist.org/observations/292370847
294052465,2025-04-02,42.038333,-72.261944,,research,41976,Lynx rufus,Bobcat,False,https://www.inaturalist.org/observations/294052465
297380852,2025-07-09,41.9971558257,-70.9907135997,101.0,research,41976,Lynx rufus,Bobcat,False,https://www.inaturalist.org/observations/297380852
297723026,2025-07-13,42.2866447997,-71.896932,,research,41976,Lynx rufus,Bobcat,False,https://www.inaturalist.org/observations/297723026
297926834,2025-07-14,42.4554923502,-71.4623968676,164.0,research,632297,Lynx rufus rufus,Eastern Bobcat,False,https://www.inaturalist.org/observations/297926834
299815787,2025-07-16,42.4309916667,-71.7614222222,,research,41976,Lynx rufus,Bobcat,False,https://www.inaturalist.org/observations/299815787
300735637,2025-07-24,42.4582310646,-71.3194213851,31.0,research,41976,Lynx rufus,Bobcat,False,https://www.inaturalist.org/observations/300735637
303127824,2025-08-02,42.3846835314,-72.5183879212,54.0,research,41976,Lynx rufus,Bobcat,False,https://www.inaturalist.org/observations/303127824
303478290,2025-08-03,42.703225,-73.1958611111,,research,41976,Lynx rufus,Bobcat,False,https://www.inaturalist.org/observations/303478290
304066658,2025-08-05,42.4677868084,-71.3058702683,14.0,research,632297,Lynx rufus rufus,Eastern Bobcat,False,https://www.inaturalist.org/observations/304066658
304702092,2025-08-08,42.4264526111,-71.533432,,research,41976,Lynx rufus,Bobcat,False,https://www.inaturalist.org/observations/304702092
306121697,2025-08-13,42.3401,-71.83937,3.0,research,41976,Lynx rufus,Bobcat,False,https://www.inaturalist.org/observations/306121697
306552484,2025-08-14,42.7999283333,-70.8597333333,7.0,research,41976,Lynx rufus,Bobcat,False,https://www.inaturalist.org/observations/306552484
307308995,2025-08-18,42.7999283333,-70.8595966667,12.0,research,41976,Lynx rufus,Bobcat,False,https://www.inaturalist.org/observations/307308995
307507983,2025-08-10,42.17072,-71.0965888333,8.0,research,41976,Lynx rufus,Bobcat,False,https://www.inaturalist.org/observations/307507983
307780160,2025-06-23,42.3019154882,-72.42908746,197.0,research,41976,Lynx rufus,Bobcat,False,https://www.inaturalist.org/observations/307780160
308335572,2025-08-22,42.6296466667,-71.2945116667,13.0,research,41976,Lynx rufus,Bobcat,False,https://www.inaturalist.org/observations/308335572
309106552,2025-08-25,42.7369383333,-71.2199866667,9.0,research,41976,Lynx rufus,Bobcat,False,https://www.inaturalist.org/observations/309106552
311777155,2025-07-03,42.1435599661,-72.7560888243,169.0,research,41976,Lynx rufus,Bobcat,False,https://www.inaturalist.org/observations/311777155
314507111,2021-08-12,42.583995472,-71.4984691574,19.0,research,41976,Lynx rufus,Bobcat,False,https://www.inaturalist.org/observations/314507111
317993571,2025-01-08,42.1280620603,-71.2776180689,121.0,research,41976,Lynx rufus,Bobcat,False,https://www.inaturalist.org/observations/317993571
319381318,2025-10-07,42.4783527778,-72.19635,,research,41976,Lynx rufus,Bobcat,False,https://www.inaturalist.org/observations/319381318
320282885,2025-10-11,42.6585331554,-71.4757632982,57.0,research,41976,Lynx rufus,Bobcat,False,https://www.inaturalist.org/observations/320282885
320474511,2025-10-12,42.3838722222,-72.5190222222,,research,632297,Lynx rufus rufus,Eastern Bobcat,False,https://www.inaturalist.org/observations/320474511
322253413,2025-10-02,42.3424587874,-73.0377668444,199.0,research,41976,Lynx rufus,Bobcat,False,https://www.inaturalist.org/observations/322253413
324316506,2025-10-29,42.1281083333,-71.2771083333,14.0,research,632297,Lynx rufus rufus,Eastern Bobcat,False,https://www.inaturalist.org/observations/324316506
324474652,2025-10-23,42.5674510116,-71.7976406674,82.0,research,632297,Lynx rufus rufus,Eastern Bobcat,False,https://www.inaturalist.org/observations/324474652
325767178,2025-11-09,42.3240058158,-72.2079591572,2.0,research,41976,Lynx rufus,Bobcat,False,https://www.inaturalist.org/observations/325767178
325891824,2025-09-17,42.6523571768,-71.374722831,22.0,research,41976,Lynx rufus,Bobcat,False,https://www.inaturalist.org/observations/325891824
326050762,2025-10-28,42.6436412261,-70.6278149402,31.0,research,41976,Lynx rufus,Bobcat,False,https://www.inaturalist.org/observations/326050762
326430431,2025-11-13,42.4905166513,-71.351052624,13.0,research,41976,Lynx rufus,Bobcat,False,https://www.inaturalist.org/observations/326430431
326758181,2025-10-07,42.3222669812,-71.8065508027,73.0,research,41976,Lynx rufus,Bobcat,False,https://www.inaturalist.org/observations/326758181
330344263,2025-12-09,42.5251606383,-72.16890681,,research,41976,Lynx rufus,Bobcat,False,https://www.inaturalist.org/observations/330344263
330745466,2025-12-14,42.3863033333,-72.6008383333,2.0,research,41976,Lynx rufus,Bobcat,False,https://www.inaturalist.org/observations/330745466
330849499,2025-12-14,42.6617902837,-71.7003214204,72.0,research,41976,Lynx rufus,Bobcat,False,https://www.inaturalist.org/observations/330849499
331088372,2025-12-16,42.6043661142,-71.6176029732,15.0,research,41976,Lynx rufus,Bobcat,False,https://www.inaturalist.org/observations/331088372
331192590,2025-12-18,42.7439317525,-73.2079042542,8.0,research,41976,Lynx rufus,Bobcat,False,https://www.inaturalist.org/observations/331192590
331427164,2025-12-20,42.6536366667,-71.3754966667,46.0,research,41976,Lynx rufus,Bobcat,False,https://www.inaturalist.org/observations/331427164
332073629,2025-12-25,42.479804,-72.026741,,research,41976,Lynx rufus,Bobcat,False,https://www.inaturalist.org/observations/332073629
332314387,2025-12-24,42.27513,-72.7667833333,3.0,research,41976,Lynx rufus,Bobcat,False,https://www.inaturalist.org/observations/332314387
333196967,2026-01-02,42.372475,-71.33198,,research,41976,Lynx rufus,Bobcat,False,https://www.inaturalist.org/observations/333196967
333240618,2026-01-02,42.604443109,-71.6173991253,15.0,research,41976,Lynx rufus,Bobcat,False,https://www.inaturalist.org/observations/333240618
333581516,2026-01-01,42.1841222222,-73.2365027778,1.0,research,41976,Lynx rufus,Bobcat,False,https://www.inaturalist.org/observations/333581516
333650579,2026-01-05,42.6042033333,-71.61742,,research,41976,Lynx rufus,Bobcat,False,https://www.inaturalist.org/observations/333650579
333655727,2026-01-05,42.6043503203,-71.6174795916,15.0,research,41976,Lynx rufus,Bobcat,False,https://www.inaturalist.org/observations/333655727
334024626,2026-01-05,42.4584966667,-71.9278033333,6.0,research,41976,Lynx rufus,Bobcat,False,https://www.inaturalist.org/observations/334024626
334041656,2025-12-27,42.0626629853,-72.5720659354,233.0,research,41976,Lynx rufus,Bobcat,False,https://www.inaturalist.org/observations/334041656
335086237,2026-01-17,42.6043898049,-71.6175466468,15.0,research,41976,Lynx rufus,Bobcat,False,https://www.inaturalist.org/observations/335086237
335394778,2026-01-16,42.3202126328,-71.3031635344,40.0,research,41976,Lynx rufus,Bobcat,False,https://www.inaturalist.org/observations/335394778
335708945,2026-01-22,42.2059222222,-72.6277694444,,research,41976,Lynx rufus,Bobcat,False,https://www.inaturalist.org/observations/335708945
338821515,2026-01-06,42.4584368845,-71.9275735543,132.0,research,41976,Lynx rufus,Bobcat,False,https://www.inaturalist.org/observations/338821515
339512386,2025-11-29,42.4875138889,-71.778225,,research,632297,Lynx rufus rufus,Eastern Bobcat,False,https://www.inaturalist.org/observations/339512386
340458533,2026-02-27,42.6041183333,-71.61735,,research,41976,Lynx rufus,Bobcat,False,https://www.inaturalist.org/observations/340458533
340720807,2026-02-28,42.6043147842,-71.6175493291,15.0,research,41976,Lynx rufus,Bobcat,False,https://www.inaturalist.org/observations/340720807
340720943,2026-02-28,42.6043740111,-71.6174822738,15.0,research,41976,Lynx rufus,Bobcat,False,https://www.inaturalist.org/observations/340720943
340772125,2026-03-01,42.3577664733,-72.5222660601,42.0,research,41976,Lynx rufus,Bobcat,False,https://www.inaturalist.org/observations/340772125
341519509,2026-02-03,42.3510883333,-73.2736533333,10.0,research,41976,Lynx rufus,Bobcat,False,https://www.inaturalist.org/observations/341519509
341876781,2026-01-24,42.4585205446,-71.3035694488,140.0,research,41976,Lynx rufus,Bobcat,False,https://www.inaturalist.org/observations/341876781
341876783,2026-01-24,42.458455246,-71.3035453846,120.0,research,41976,Lynx rufus,Bobcat,False,https://www.inaturalist.org/observations/341876783
343470772,2023-08-13,42.5345136547,-72.2103791311,4.0,research,41976,Lynx rufus,Bobcat,False,https://www.inaturalist.org/observations/343470772
344223557,2026-03-20,42.3635477617,-71.3734540376,2.0,research,41976,Lynx rufus,Bobcat,False,https://www.inaturalist.org/observations/344223557
344698739,2026-03-23,42.1791764091,-71.93041698,11.0,research,41976,Lynx rufus,Bobcat,False,https://www.inaturalist.org/observations/344698739
345199251,2026-02-07,42.3491383333,-73.0151138833,4.0,research,632297,Lynx rufus rufus,Eastern Bobcat,False,https://www.inaturalist.org/observations/345199251
345691038,2026-03-27,42.6279221363,-71.7291113734,32.0,research,41976,Lynx rufus,Bobcat,False,https://www.inaturalist.org/observations/345691038
345801946,2026-03-26,42.6032758942,-70.9000279895,31.0,research,41976,Lynx rufus,Bobcat,False,https://www.inaturalist.org/observations/345801946
346288738,2026-03-29,42.59640393,-70.7685480652,4.0,research,41976,Lynx rufus,Bobcat,False,https://www.inaturalist.org/observations/346288738
347353421,2026-04-03,42.3635425625,-71.3734461349,2.0,research,41976,Lynx rufus,Bobcat,False,https://www.inaturalist.org/observations/347353421
347620823,2026-04-05,42.655195,-72.6772533333,7.0,research,41976,Lynx rufus,Bobcat,False,https://www.inaturalist.org/observations/347620823
348484344,2026-04-09,42.0952119163,-71.3879809839,24.0,research,41976,Lynx rufus,Bobcat,False,https://www.inaturalist.org/observations/348484344
348867331,2026-04-09,42.0765557409,-70.7729588449,78.0,research,41976,Lynx rufus,Bobcat,False,https://www.inaturalist.org/observations/348867331
350142647,2026-04-15,42.5863429109,-70.852806382,23.0,research,41976,Lynx rufus,Bobcat,False,https://www.inaturalist.org/observations/350142647
350242891,2026-04-15,42.3285001568,-72.6604990787,78.0,research,41976,Lynx rufus,Bobcat,False,https://www.inaturalist.org/observations/350242891
350277684,2026-04-16,42.40212,-72.5358,,research,41976,Lynx rufus,Bobcat,False,https://www.inaturalist.org/observations/350277684
352417774,2026-04-22,42.4910298061,-71.3696764921,70.0,research,41976,Lynx rufus,Bobcat,False,https://www.inaturalist.org/observations/352417774
353159142,2026-04-16,42.4026254593,-72.5364800915,36.0,research,41976,Lynx rufus,Bobcat,False,https://www.inaturalist.org/observations/353159142
353980613,2026-04-25,42.5102883333,-71.3764033333,,research,41976,Lynx rufus,Bobcat,False,https://www.inaturalist.org/observations/353980613
354887757,2026-04-26,42.493568416,-71.4248425886,188.0,research,41976,Lynx rufus,Bobcat,False,https://www.inaturalist.org/observations/354887757
355295259,2026-02-28,42.7226678739,-70.865301828,27.0,research,41976,Lynx rufus,Bobcat,False,https://www.inaturalist.org/observations/355295259
356150623,2026-04-15,42.2536696,-72.5205914,188.0,research,41976,Lynx rufus,Bobcat,False,https://www.inaturalist.org/observations/356150623
358595041,2026-05-05,42.3302466667,-72.5241866667,5.0,research,41976,Lynx rufus,Bobcat,False,https://www.inaturalist.org/observations/358595041
359852239,2026-05-08,42.36927706,-72.58962318,,research,41976,Lynx rufus,Bobcat,False,https://www.inaturalist.org/observations/359852239
360432695,2026-05-10,42.2419583333,-72.6607583333,7.0,research,41976,Lynx rufus,Bobcat,False,https://www.inaturalist.org/observations/360432695
361587518,2026-05-14,42.601996559,-70.898289918,31.0,research,632297,Lynx rufus rufus,Eastern Bobcat,False,https://www.inaturalist.org/observations/361587518
363089413,2026-05-17,42.5036463903,-71.6344588995,59.0,research,41976,Lynx rufus,Bobcat,False,https://www.inaturalist.org/observations/363089413
363932703,2026-05-22,42.6245283333,-71.40905,2.0,research,41976,Lynx rufus,Bobcat,False,https://www.inaturalist.org/observations/363932703
366638117,2026-05-28,42.628282897,-72.0303024077,9.0,research,41976,Lynx rufus,Bobcat,False,https://www.inaturalist.org/observations/366638117
366853541,2025-12-25,42.4526283333,-71.8166966667,3.0,research,41976,Lynx rufus,Bobcat,False,https://www.inaturalist.org/observations/366853541
371008114,2026-06-12,42.2252040071,-71.260249542,13.0,research,632297,Lynx rufus rufus,Eastern Bobcat,False,https://www.inaturalist.org/observations/371008114
373975441,2025-08-29,42.6635760515,-72.891604829,31.0,research,41976,Lynx rufus,Bobcat,False,https://www.inaturalist.org/observations/373975441
377196644,2026-06-21,42.49517,-71.551127,25.0,research,41976,Lynx rufus,Bobcat,False,https://www.inaturalist.org/observations/377196644
379231813,2026-07-07,42.5480583333,-71.6935716667,5.0,research,41976,Lynx rufus,Bobcat,False,https://www.inaturalist.org/observations/379231813
380859202,2026-07-12,42.3734261217,-71.4041025672,100.0,research,41976,Lynx rufus,Bobcat,False,https://www.inaturalist.org/observations/380859202
383618453,1969-12-31,42.5570602417,-71.6746520996,70.0,research,41976,Lynx rufus,Bobcat,False,https://www.inaturalist.org/observations/383618453
383686512,2026-07-21,42.1292916,-72.4667613997,,research,41976,Lynx rufus,Bobcat,False,https://www.inaturalist.org/observations/383686512
384536167,2026-07-21,42.5015891919,-71.5045637886,48.0,research,41976,Lynx rufus,Bobcat,False,https://www.inaturalist.org/observations/384536167
384854078,2026-07-12,42.6366214979,-71.5665984352,13.0,research,41976,Lynx rufus,Bobcat,False,https://www.inaturalist.org/observations/384854078
386026553,2026-07-27,42.2887735528,-71.4477000335,8.0,research,41976,Lynx rufus,Bobcat,False,https://www.inaturalist.org/observations/386026553
386062040,2026-07-28,42.5675092765,-71.7977521733,11.0,research,41976,Lynx rufus,Bobcat,False,https://www.inaturalist.org/observations/386062040
386856146,2026-07-20,42.5141431193,-71.1596726999,189.0,research,632297,Lynx rufus rufus,Eastern Bobcat,False,https://www.inaturalist.org/observations/386856146
386868802,2026-07-26,42.5641450454,-71.1794973169,3.0,research,41976,Lynx rufus,Bobcat,False,https://www.inaturalist.org/observations/386868802
387318304,2025-01-16,42.4634666667,-72.896745,14.0,research,41976,Lynx rufus,Bobcat,False,https://www.inaturalist.org/observations/387318304
388431396,2021-01-05,42.45278,-72.9050133333,4.0,research,41976,Lynx rufus,Bobcat,False,https://www.inaturalist.org/observations/388431396
388431459,2021-01-08,42.4558319206,-72.9023047298,249.0,research,41976,Lynx rufus,Bobcat,False,https://www.inaturalist.org/observations/388431459
389188053,2013-03-04,42.4577035769,-72.8977849654,193.0,research,41976,Lynx rufus,Bobcat,False,https://www.inaturalist.org/observations/389188053
389789375,2026-08-08,42.5852235394,-72.2099650452,157.0,research,41976,Lynx rufus,Bobcat,False,https://www.inaturalist.org/observations/389789375
389964497,2026-08-08,42.2279933286,-71.4334393674,25.0,research,41976,Lynx rufus,Bobcat,False,https://www.inaturalist.org/observations/389964497
390809018,2014-12-25,42.4583134039,-72.8981735237,67.0,research,41976,Lynx rufus,Bobcat,False,https://www.inaturalist.org/observations/390809018
390832843,2026-08-13,42.5016045386,-71.5041237793,100.0,research,41976,Lynx rufus,Bobcat,False,https://www.inaturalist.org/observations/390832843
392376851,2017-03-06,42.4582474936,-72.8982979295,61.0,research,41976,Lynx rufus,Bobcat,False,https://www.inaturalist.org/observations/392376851
392377175,2017-03-06,42.4581403182,-72.8983905571,31.0,research,41976,Lynx rufus,Bobcat,False,https://www.inaturalist.org/observations/392377175
392421669,2012-02-03,42.4556970771,-72.9002497203,61.0,research,41976,Lynx rufus,Bobcat,False,https://www.inaturalist.org/observations/392421669
394304321,2026-03-08,42.33768,-71.9552,2.0,research,41976,Lynx rufus,Bobcat,False,https://www.inaturalist.org/observations/394304321
395819788,2025-05-06,42.3319363621,-72.5116034361,24.0,research,41976,Lynx rufus,Bobcat,False,https://www.inaturalist.org/observations/395819788
396523666,2026-09-01,42.3162226648,-71.4402614737,241.0,research,41976,Lynx rufus,Bobcat,False,https://www.inaturalist.org/observations/396523666
396616949,2026-08-16,42.1997259332,-71.895732543,97.0,research,41976,Lynx rufus,Bobcat,False,https://www.inaturalist.org/observations/396616949
