latitude,longitude,presence
42.5594966667,-72.713905,0
42.2824655588,-71.1732385756,1
42.1495116795,-71.4282979894,1
42.3420219092,-72.5287439263,1
42.5257027941,-72.1838541795,0
42.2859722712,-72.3405889794,1
42.44380333,-71.39482167,0
42.48165,-71.1520695,0
42.0680348509,-71.1523120116,1
42.47145,-71.1706083333,1
42.5341327357,-72.5462097275,0
42.5063888889,-70.8831777778,0
42.5884868985,-71.1123722792,0
42.052751177,-72.0949613772,0
42.1876580124,-71.1943453717,0
42.4879,-71.2542333333,0
41.929136,-71.265797,1
42.4011408333,-71.7875248889,1
42.4551783333,-72.903695,1
42.3004400841,-72.2398205101,1
42.2288304842,-71.2427861853,0
42.5233541754,-71.5907291049,0
41.9436873512,-70.0574179939,1
42.5071933333,-71.4075533333,0
42.2251263422,-71.2221751495,0
42.2824469201,-71.1733457319,1
41.9888359696,-70.70681549,1
42.3397206569,-72.2318261198,1
42.4659672065,-71.4118370144,1
42.1216136,-71.6715143,0
42.3800716667,-72.5112916667,0
42.1214908796,-72.6018941925,0
42.3784361111,-71.48075,0
41.7041333333,-70.2120366667,0
41.9018083333,-71.317725,0
42.64977,-72.2148816667,0
42.2472891,-71.95508733,0
42.5673892549,-72.2185456582,0
42.3521055556,-71.5321194444,0
41.3911946838,-70.0484268719,0
41.9136283333,-70.6705066667,0
42.4965592202,-71.3647370607,1
42.3118239617,-71.0949127749,0
42.6219416667,-72.7550416667,0
41.80822833,-71.114175,0
42.1334946499,-71.2068738446,0
42.6930283333,-70.5279466667,0
42.2943033333,-71.6342416667,0
41.7366959336,-70.1921050616,0
42.37411,-72.32802,0
41.9373283333,-71.297845,0
42.4897507228,-71.3496756358,1
42.5653004134,-71.3448281028,0
42.2197167669,-73.429596182,0
41.3929120857,-70.6520936602,0
42.6437814202,-71.5860777835,0
42.5104333333,-70.85382,0
42.3273466667,-71.4594583333,0
42.1039434989,-71.1779060685,0
41.785305,-70.0312278333,0
42.27783763,-71.196003,0
42.5012798693,-70.9456703776,1
41.6347308127,-70.3531783819,0
42.601854409,-70.8997275821,1
42.416694383,-72.5099267685,0
42.247591,-70.8179691367,0
42.6212820045,-71.558788754,0
42.6056290488,-71.6159874479,1
42.2454633333,-71.0321666667,0
42.3592459722,-71.0270869722,0
42.307425756,-71.2537014764,0
42.3475554166,-71.565244412,0
41.8718569898,-70.9442413598,0
42.1329612257,-71.1639730119,1
42.4178416667,-72.3449766667,0
41.4299421546,-70.6010198645,1
42.2519647,-71.0024887,0
42.7665960672,-71.1130348422,0
42.5708383333,-72.3987583333,0
42.5371166667,-72.1795666667,0
42.1203916667,-72.7841633333,0
42.4874638889,-71.4423472222,0
42.0252055556,-72.5837,0
41.3531383333,-70.7311866667,1
42.4650502239,-71.0981125021,0
42.4977141915,-70.9008054969,0
42.3525940301,-71.1960233376,0
42.216307282,-71.4625470732,1
41.6972231,-69.96926705,1
42.6360778809,-71.3757324219,0
42.63392,-71.5587,0
41.7397154009,-70.3794086912,0
42.772315979,-71.1067047119,0
42.026816818,-70.868254605,1
41.9772104737,-71.2006962992,0
41.6493189895,-70.6220587716,1
42.513427,-71.31644,0
42.471445,-71.170625,1
42.2863597953,-72.3214845608,1
42.0740888333,-72.5632783333,0
42.5056058263,-71.8965679735,0
41.7513410795,-70.1653616466,0
42.4813638569,-71.0874498636,0
42.4283943176,-71.2432098389,0
42.4127688218,-71.408502236,0
42.579838978,-70.8695940114,1
41.8212065448,-70.0040035069,0
42.6288169267,-70.8417124739,0
41.6272487255,-70.3783998827,1
42.589458371,-71.5441464885,1
42.4145147956,-71.9661037977,1
42.4963391827,-71.3643614434,1
42.3774909973,-72.5770950317,0
42.4941238279,-70.8561574477,0
42.2694866667,-72.704155,0
42.3277778,-72.5394444444,0
42.4928226215,-71.3681848488,1
41.3298044571,-70.3041220577,1
42.2095638889,-70.9603388889,0
42.3837383333,-73.3009033333,1
42.0848055028,-73.36837,0
42.4052305556,-71.6845361111,0
41.5303611,-71.01075,1
42.4576416016,-72.5796737671,0
42.0604921165,-73.0591863021,0
42.6450916667,-73.2337333333,0
42.1165143051,-72.6832953617,0
41.5557933188,-70.6069759684,0
42.4170469722,-72.5185989722,0
42.3754159015,-72.2160945833,0
42.6906659827,-72.8968024347,0
42.4632746001,-72.3432200446,1
42.31867,-71.2713083333,0
42.5932716667,-70.7790666667,0
42.3961116633,-72.6045483444,1
42.3368,-71.18432,0
42.4467083333,-71.26953,0
42.81567,-70.95768,1
42.5030466667,-71.6318666667,0
42.8173163093,-70.8711206908,0
42.6328593439,-70.619998835,0
42.4833216667,-72.3297,1
42.2173829722,-71.216367,0
42.1040733333,-70.7130333333,0
42.6590919495,-71.3476028442,0
42.4429527778,-71.0802416667,0
42.5178944444,-71.3296,0
42.6612721842,-71.7063779756,0
41.5548632348,-70.6488829079,0
42.0712586,-73.2108218997,1
41.9930153713,-71.3090299164,0
42.4298055556,-73.3360833333,0
42.4649966667,-71.1468945,0
41.9663194812,-71.0420739575,1
42.3409141766,-71.0521865214,0
42.0586861667,-71.8408966667,0
42.2197426876,-72.540325304,0
42.477254917,-71.3205177337,0
41.6555116283,-69.9753281806,0
41.3293033333,-69.9953466667,0
42.6587562877,-71.3182236832,0
41.6742216667,-70.0352861667,0
42.3891926327,-71.1863662239,0
41.9269070626,-71.1412802612,0
42.34452695,-71.09508541,0
42.28810754,-71.19648166,0
41.952125,-70.87235,0
42.2418178312,-70.9429391474,1
42.4130833755,-71.4573277441,1
41.6958011261,-71.1465966181,0
42.1081776439,-71.3214391415,1
42.270725,-71.13591117,0
42.2396099443,-70.7597377648,0
42.4963349966,-71.3642734377,1
42.2351133333,-71.7879716667,0
42.1274692718,-71.8783560986,0
42.4003697,-71.1163813,0
41.364727891,-70.5522457802,1
42.4594352162,-71.2837309857,0
42.3772416667,-71.06125,0
42.4114811441,-71.1654180157,0
42.4351366728,-71.11985,0
42.64635,-71.1265861111,0
42.6539827199,-73.0919671962,0
42.31419,-72.54732,0
42.6774583333,-73.1453333333,0
41.6995866667,-70.4514783333,0
42.495716602,-71.366348066,1
42.1054653079,-71.4251835645,0
42.66396976,-71.8998303,0
42.5324033333,-71.5537416667,0
41.7956418872,-69.9628333597,1
42.1908888889,-71.0486916667,1
42.7261252155,-70.9942657197,0
42.4090539294,-71.6939931276,0
42.2233356902,-71.1330134713,0
41.766145,-70.0291055,0
42.68883,-70.6312633333,1
42.5152364723,-71.1736419503,0
42.551925662,-70.8502190374,0
42.0585947119,-70.1142963091,0
42.133475,-70.7166666667,0
42.3914430049,-70.9940596539,0
42.4388144697,-72.0792575934,1
42.4926049125,-72.1852496151,0
41.5978150184,-70.6459090683,0
42.7217601508,-71.0245938058,1
42.3652398445,-71.1880146246,0
41.8294327236,-70.8900810829,1
42.2268392869,-70.973100662,0
42.5893133333,-70.8988716667,0
42.6812991,-72.32527035,0
42.4412616306,-71.0669326349,0
42.2994233967,-71.256337614,0
42.6915085316,-71.4252726641,0
41.8734633333,-70.98873,0
42.6111532024,-72.5569665747,1
42.69476254,-71.21176038,0
42.068226,-73.059995,0
42.4072560829,-71.148107724,0
42.4640416667,-70.9930116667,0
42.2160234492,-71.9416045212,0
42.6395405313,-70.640493,1
42.389545,-71.15065,1
42.6404676655,-70.9991052534,1
42.48863667,-70.926575,0
41.39605,-70.6737283333,1
41.5493629722,-70.949584,0
42.42584718,-71.4686215,1
42.21056333,-72.60318,0
41.6581216667,-70.3134,0
42.65619,-72.945075,0
41.6462628036,-70.625081511,1
41.36427059,-70.51048979,1
42.6012266667,-72.7836383333,0
42.5801583333,-72.1474445,0
42.349125,-71.25512,0
42.0433169526,-70.8836841521,1
42.0998131105,-71.37935771,1
42.3982,-71.55652,0
42.6867492064,-70.8378157743,1
42.609233051,-71.2826564415,0
42.20157843,-71.72453518,0
41.459195,-70.6260833333,1
41.9675966667,-70.8470083333,0
41.6593608312,-70.3567127694,0
42.3158291663,-71.3371547086,0
41.9759469025,-71.1835346371,0
41.7624086776,-70.1087699396,0
42.1676203302,-71.9559859648,1
42.3686073523,-71.5010166629,0
42.4562484166,-71.0873967224,0
42.5156555176,-71.2525634766,0
42.258205,-71.1289361667,0
42.6771316667,-72.3913383333,0
42.1390266418,-71.8792877197,0
42.43328,-71.394425,0
42.38473732,-71.17714143,0
41.684471,-70.112889,1
42.1776866667,-73.240875,0
42.6604890723,-70.6001079898,1
42.3658407061,-71.2151181512,0
42.3666535587,-71.5046440678,0
42.3815725143,-71.1163204908,0
42.6559708166,-70.6155980718,0
42.102525,-70.1791833333,0
42.6355404083,-71.3020539355,0
42.521145,-70.7848966667,0
42.8130116667,-70.870445,0
41.680845524,-70.1103222372,1
42.3043416667,-71.1551221667,0
42.5969217,-71.4424412,0
42.3755866667,-72.0105222167,0
42.3833504186,-72.7614949788,0
42.1933333333,-71.0478694444,1
42.4628055867,-70.9813570976,0
42.3878116667,-71.52616,0
42.450996819,-71.0668967665,0
42.08191667,-70.19291667,0
42.4860416667,-71.3462,1
42.51912925,-71.3507985556,0
42.6211783333,-71.0865166667,0
42.588505,-71.543945,1
42.3712010783,-71.2783414083,1
42.7455333333,-70.9784777778,0
42.0630138333,-71.31153,0
42.61113,-70.672845,0
42.075824749,-70.1489842334,0
42.3145483333,-73.0004183333,0
42.7019611057,-70.9447119567,0
42.1001064108,-72.5744091047,0
41.6224333333,-70.5404361111,1
42.2690005402,-72.3363862763,0
42.0376969444,-70.7916483333,0
42.281511932,-72.2599037737,0
41.9559666667,-70.0251471667,0
42.0794672033,-71.0598689844,0
42.6174616667,-71.1046611667,0
42.0666431722,-70.1943916082,1
41.31321667,-70.01544167,0
42.156241141,-72.0607431205,0
42.6854548169,-71.9745985419,1
42.0074666667,-70.8412333333,0
42.2565264,-71.78805615,0
42.0047067677,-70.7141933264,0
41.34333638,-70.7400709713,0
42.3547182392,-70.960594178,0
41.935425,-70.0738528333,0
42.25483,-71.0520861667,0
42.0767111667,-73.2364666667,0
42.6144906983,-71.9219322199,0
42.2333814188,-70.8653219294,0
41.5481383333,-70.6308666667,1
42.3485966667,-72.6004116667,0
42.1070424733,-72.0866960467,0
42.2745083333,-71.01765,0
42.5554444444,-71.1997416667,0
42.415055,-72.74456667,0
41.7379897835,-70.6790630741,0
42.2360894682,-71.0349248884,0
42.49033,-71.0068688889,0
42.3158333333,-72.9953783333,0
42.4936146441,-72.192956188,0
42.3774672,-71.2233362,0
42.5349605872,-72.7451538129,0
42.2145110178,-71.0936340704,0
42.1080703861,-72.3738441092,1
42.4504666667,-73.1887583333,0
41.7709,-69.9333933333,0
41.3865283333,-70.5063633333,1
42.3821533333,-72.4141916667,0
41.2778383333,-70.0958555,0
42.5115783333,-72.2108216667,0
42.3889616667,-71.1342583333,0
42.647105,-70.61321333,1
42.1390202979,-72.0619552312,0
42.0717964172,-71.0969543457,0
41.7854840072,-70.9148080194,0
42.4901395967,-71.1673080915,0
42.0796313603,-71.3440562133,0
41.970405,-70.0701528333,0
42.1162252913,-73.4166150619,0
42.4020569499,-71.0997669798,0
42.3311692997,-71.0321378997,0
42.271,-71.854775,0
42.2832182111,-72.6263049756,0
42.7189916667,-71.0251166667,1
42.2975083333,-71.1493445,0
42.2849083333,-73.3468033333,0
41.9362194444,-71.3693694444,0
42.3752942888,-72.2429827228,1
42.4161784067,-71.4740845889,1
42.1246083333,-71.3684783333,0
42.4897845788,-71.241648635,0
42.354392981,-71.4257059517,1
42.4146220122,-71.4756690709,1
41.398745,-70.5104616667,1
42.2985427396,-71.0357857485,0
42.3411060953,-72.7729842067,1
41.7928808152,-70.0191458771,0
42.8279333333,-70.9181833333,0
42.28492,-71.2342966667,0
42.332855,-72.36702,0
42.0961879887,-70.9324452193,1
41.7685,-69.97876167,1
42.447028,-72.5104639722,0
42.01165,-71.0145722167,0
42.3930620644,-72.2388369286,1
42.0789554009,-70.1588585577,0
42.650891308,-70.7988651334,0
42.3602991647,-72.1612758829,0
42.64048,-71.51307,0
42.6607991429,-71.3397182781,0
42.712395,-72.1853616667,0
42.0376224449,-70.9283299479,0
42.497995,-70.9777133333,0
41.904743082,-70.908690351,1
42.4632672191,-72.3431954532,1
41.9494138889,-70.6303555556,0
42.33155632,-71.19405201,0
41.7087616667,-70.2585666667,0
42.7950798446,-70.854965086,0
42.4210464869,-71.5869966861,0
41.8855174574,-69.9919983011,1
42.2241083333,-70.9113083333,0
41.9895929564,-70.9702719469,0
42.60425,-71.61758,1
42.25112833,-71.83577,0
42.1507416667,-72.0633695,0
42.5114914449,-71.3565084525,0
41.6419286111,-70.5438977778,0
42.4903851422,-71.0307093245,0
42.0997817055,-70.9393697977,1
42.3245146377,-71.6544306579,0
42.2975279712,-71.8285881315,0
41.6994883333,-70.30548,0
42.687595,-71.1545861667,0
42.3814933333,-72.711295,0
41.374369651,-70.6682661497,1
42.7126299777,-70.779833391,1
42.0747611111,-70.801775,1
42.0399769328,-71.0630722344,1
42.07948238,-70.05709805,0
42.2007652,-71.1924879347,0
42.5976538732,-71.4299936339,0
42.6130616252,-70.8947355328,1
42.3479118347,-71.5909500122,0
41.34980949,-70.4941154,1
42.6058383333,-72.093375,0
42.62722167,-70.91843,1
42.52793,-72.2993866667,1
42.0827782201,-70.9338381608,0
42.4280846394,-71.5173399361,1
41.6831207593,-70.2206665277,0
42.4757825722,-72.5124750822,0
42.7060118458,-70.8181292564,0
42.4802666667,-71.885475,0
42.267944693,-71.1234919507,0
42.3514416667,-72.709945,0
42.1355907061,-71.6011557542,1
42.7338780807,-70.7933655017,1
42.4044133333,-71.3073883333,0
42.1356971667,-73.24273,0
42.4392598629,-71.1004809832,0
41.7674928066,-70.0940196589,0
42.4097533151,-71.3705120504,1
42.6144192025,-71.1428565784,0
41.5210433333,-71.02795,0
42.1764292281,-72.0704108571,0
42.1205731748,-71.1658351921,1
42.3902466667,-71.3427216667,0
41.7387951887,-70.1612676159,0
41.8908410834,-70.8085858232,0
42.54612,-71.4131616667,0
41.6627116667,-70.06665,0
42.4500854128,-71.3404184674,0
42.248165533,-71.4145046008,0
41.448203991,-70.6208752498,1
42.4404275657,-71.3376167113,0
42.5716383333,-72.5336383333,0
42.099871895,-70.9349320713,1
42.4691969838,-71.3499303154,0
41.8651116667,-71.135,0
42.47087833,-71.23269667,0
42.2879829905,-71.2679012144,0
42.1794880821,-71.1733138423,0
42.529935,-71.317341,0
42.4121240985,-71.4647349933,1
42.1892333333,-71.0450527778,1
42.5189912,-71.2059774,0
42.3988361111,-71.1000888889,0
42.3545172513,-71.87538108,1
42.0680722855,-71.1523722161,1
42.3702936814,-71.4529776984,0
42.3278694444,-71.3981111111,0
42.49314,-70.84102,1
42.4386044847,-71.1961985518,0
42.2182945058,-71.5695843906,0
42.52198,-73.0886833333,1
42.2822669985,-71.1726610026,1
42.374070223,-72.2431050986,1
42.4576866667,-71.2322,0
42.0511722222,-72.7663694444,0
42.5045908,-70.91092511,0
42.3582916667,-71.511305,0
42.4773616667,-73.23503,0
42.25407,-72.3359983333,0
41.653195,-70.1973716667,1
42.10357783,-72.59878667,0
41.6306458517,-69.9668406162,0
42.35807833,-71.16238333,0
42.3528694444,-72.0453555556,1
42.1925707302,-71.0867791365,0
42.4583505908,-71.9429832575,1
41.6461970884,-70.3361801061,1
41.924464,-70.0322481997,0
42.4564192778,-71.1075298889,0
42.1737066341,-73.1907473132,0
41.3315834509,-70.8208392933,1
42.6638877923,-73.2586816105,0
42.2684695419,-71.7723097174,0
42.5233833333,-70.94442,1
42.53126167,-71.192305,0
42.387511,-71.13297,0
42.414876344,-71.2991156114,1
42.4183179389,-71.1490408646,0
42.1092631084,-71.1876854043,0
42.0467981,-71.2122444,1
42.0291010705,-72.6037175402,0
41.6984366114,-70.3146637046,0
42.32820944,-72.52604912,0
42.4801222222,-71.0657722222,0
42.4317789722,-71.152991,0
42.101738,-70.160324,0
42.6298884809,-71.2975894338,0
42.5328716667,-70.899345,0
42.2751633333,-71.3067883333,0
42.0592028333,-71.01665555,0
42.35481,-72.6688366667,0
42.0790237235,-71.1804235177,0
42.1288652731,-71.1999287012,0
42.5480342521,-71.8929165602,1
41.5134896654,-70.9995602652,1
42.4769251078,-71.2491573843,0
42.2599323011,-72.4199632555,0
42.018435111,-70.8741828514,1
42.7378654022,-73.0818944927,1
42.4956394733,-71.5514594054,1
41.9014166667,-71.0685111667,0
42.0998917964,-70.9348489228,1
42.0217353848,-70.8789206595,1
42.5464966667,-71.3700116667,0
42.3771279929,-71.4561255008,0
42.57538667,-73.30111667,0
42.3059032536,-72.6325479097,0
42.4963351429,-71.3641855238,1
42.3923138889,-72.8808833333,0
41.8953377338,-70.5396385171,0
42.5860385855,-71.5989795133,0
42.2845116667,-72.7193083333,0
42.79892984,-71.050366,0
42.2775883333,-71.6321333333,0
42.0903482102,-71.0753265303,0
41.6940571983,-69.9925393336,0
41.3609726756,-70.649772652,1
42.3084827098,-71.5967158864,0
42.2462701267,-71.4893619674,0
42.6352682044,-70.9148736592,1
42.2423863263,-72.3324071545,0
41.6764774,-70.0685744,1
41.8824213,-69.995172,1
42.556655,-71.7940616667,0
42.77577,-71.0654305,0
42.2175758997,-71.6984379997,0
41.680835107,-70.1059067052,1
41.6121116667,-70.429895,0
42.397169,-72.519295,1
42.2024478023,-71.2449635672,0
42.2088643628,-73.3853472769,0
41.7004285312,-70.038585473,1
42.1394083333,-73.0336695,1
42.5890197754,-70.7832641602,0
42.423367302,-71.0945698579,0
42.3601524014,-71.3662917881,1
42.4549594133,-71.1238269756,1
42.4582672119,-71.0114135742,0
42.392452476,-72.2487645596,1
42.4715716667,-71.1641221667,1
41.9673,-70.7451633333,0
42.6547773478,-72.4304501022,0
42.1487722222,-73.136725,0
42.1648149722,-71.4541559722,0
42.315525,-71.117775,0
42.5180160796,-71.9297182141,0
42.5738959294,-71.0282267724,0
41.5604216667,-70.6315083333,0
42.4952765375,-71.1635770705,0
42.4891282426,-72.4835842475,0
42.3936716667,-73.268845,0
42.10514311,-72.08941349,0
42.4374593934,-71.2176372931,0
42.375992653,-70.9916397575,0
42.4257187417,-71.2327105171,0
42.3905555556,-71.0508333333,0
42.23764167,-71.46797167,0
42.552325,-70.8394,0
42.4483352917,-73.2642442724,0
42.498745,-71.47602833,0
42.4209754109,-71.361570099,0
41.9440283333,-69.9837416667,0
42.5634727222,-71.1732330278,0
42.1680611111,-72.6835555556,1
41.5611216667,-70.6491916667,0
41.2888033333,-70.1579138333,0
42.7989835153,-70.8571483568,0
42.3567361111,-71.5531916667,0
42.2476771107,-71.1487233229,0
42.5950939,-71.0161643,0
41.6665393358,-69.9951490234,0
42.6925757209,-70.9582711442,0
42.343577976,-71.4385065636,0
42.355246279,-71.5588387102,0
42.3719320863,-71.7217774021,0
41.4136359722,-70.5831479722,0
42.6136436005,-71.6385101681,1
42.3962828448,-71.965938601,0
42.1140855952,-71.4026497073,0
42.351055,-71.2059866667,0
42.356474,-71.064578,0
42.1917689944,-71.4349721546,0
42.0063145112,-71.1236324077,1
42.3204021108,-71.6160962537,1
41.9819247054,-70.6904146016,0
42.6300138889,-73.1430083333,0
41.3496499,-70.5117372997,1
42.3774891833,-72.530002594,0
42.4683109722,-73.1519499722,0
42.4495783333,-71.4040416667,0
41.3869533333,-70.5927966667,1
42.6504420412,-71.3109993216,0
41.52752,-70.653755,1
42.3678966667,-71.0612416667,0
42.4691833333,-71.6323366667,0
41.451191316,-70.6449494689,1
42.28294667,-71.29151167,0
42.4248700239,-71.5169015598,1
42.02231,-70.8783616667,1
42.199405,-71.895745,0
41.3512564475,-70.5430605606,1
41.3541232468,-70.6318936306,1
42.3740490656,-72.2738118857,1
42.428314209,-71.0594482422,0
42.288989,-73.1814999722,0
41.6540397778,-70.9959081057,0
42.6511616667,-71.3142466667,0
42.4649883333,-72.5567783333,0
42.0643039047,-71.1569621415,1
41.4087829292,-70.4491779744,1
42.3769364116,-71.0288258269,0
41.3678786796,-70.6665225573,1
42.2776083333,-72.888144445,1
42.427925,-71.308075,0
42.59945,-72.477205,0
42.3720573773,-71.1423963972,1
42.08228,-70.2034766667,0
42.1232777778,-72.460125,0
42.3246749154,-71.170012289,1
42.0058528113,-71.3597896867,0
42.3435851902,-71.2662746838,0
41.2394493997,-70.0096013997,0
42.4810248555,-71.2353344634,0
42.79195,-71.0682055,0
41.9862258216,-70.0764075706,0
41.9895306123,-70.9770563571,0
41.5775333333,-70.5277166667,1
41.6890496884,-70.3796808431,0
42.4031655699,-71.0930858017,0
42.4083263612,-71.3306858818,1
42.3022346322,-71.2810002806,1
41.7246905594,-70.1318742971,0
42.44314,-71.459005,0
42.0996757727,-71.3794398779,1
42.29495,-71.6040366667,0
42.0514470851,-71.8732112926,0
41.9265620701,-70.8164287033,1
42.7011514417,-72.8887221551,0
42.3859333333,-72.6035616667,1
42.2641993601,-71.3371001746,0
42.484014,-72.356594,0
42.50564,-72.2520333333,0
42.05946267,-71.2645815101,0
42.0998500035,-70.9346155706,1
42.3165866667,-71.2268366667,1
41.9289666667,-70.0262666667,0
42.0510331452,-71.0834580661,0
42.460690807,-71.3607626036,0
41.726105,-70.006325,0
41.8355527778,-70.8890138889,1
41.8578273241,-71.0822239886,0
42.4928162701,-71.3681813635,1
41.6910944626,-69.9584453114,0
42.3710031868,-70.9825860779,0
42.1426145548,-71.3739996758,0
42.2160779578,-71.1760616675,0
42.0886249885,-70.797495693,1
42.2948869579,-71.9753802915,0
42.26683,-72.227125,0
42.5747305939,-71.4302443536,0
42.2029507222,-72.4486709167,0
42.4257426057,-71.1778344401,0
42.0133184972,-71.1597233844,0
42.0285259761,-70.6853203308,0
42.3944911547,-71.2305231807,0
41.7051530554,-70.1941502094,1
42.4545116667,-71.3913033333,0
41.6544155144,-70.5721110432,1
42.6883281594,-71.0034158196,0
42.2678339362,-71.8503371204,0
42.04275,-71.9478083333,0
42.21029303,-73.3807248448,0
42.5949638889,-71.5580305556,0
42.4807522341,-71.5361160671,0
42.2133756721,-72.1146512338,0
42.6548835826,-71.2814479337,0
42.5777735554,-70.9925901875,0
42.2292760341,-71.9086694252,0
41.9829425449,-71.2447033358,0
42.4430758,-71.9618071997,0
42.2404866667,-71.0057916667,0
41.6737270242,-70.0617021555,1
42.3891666667,-72.5277777778,0
42.1083001273,-71.3214162379,1
42.264021582,-72.4754917567,0
42.5953588781,-71.4664614341,1
42.2798376855,-71.4588234037,0
41.7459854805,-70.14285291,0
42.5711366667,-70.8958883333,0
42.41657,-71.5605083333,1
42.3878383333,-72.5215533333,0
41.595425,-70.5696666667,1
42.0752221667,-72.56717,0
42.0550313069,-71.918706895,0
42.0878465751,-73.1374669242,0
41.942445,-70.0166027833,0
41.4545864551,-70.5948890542,0
42.2309437634,-73.3670955642,0
42.3304007758,-71.5481747417,0
42.08185283,-71.15042217,0
42.5740133333,-71.43577,0
41.9479216667,-70.7942283333,0
42.2174538,-70.7898681,1
42.2686047209,-72.2238584259,0
42.2970910378,-71.8837047837,0
42.4773192058,-71.0628482226,0
42.1503230555,-73.4237260134,0
42.0396115002,-71.063601294,1
41.6869993,-71.164128,0
41.3583333333,-70.6372,1
41.8021986322,-70.5720780516,0
42.4268138889,-71.1833722222,0
42.4994666667,-72.4183166667,0
42.7017091401,-71.1072902475,0
42.4451617739,-70.9889812553,0
42.4823633333,-70.9288166667,0
42.5184633333,-72.2684466667,1
42.4171236138,-72.5238923285,0
42.6385633333,-71.00293055,1
42.29830974,-71.79336041,0
42.4647356797,-71.6074985412,0
42.2151554599,-70.7374177307,0
42.3471255835,-71.1134180402,0
42.2550463238,-71.334690105,1
42.3497154532,-72.4950778443,1
42.2034181477,-71.4140258075,0
42.4707946777,-72.4120788574,0
42.1256833333,-71.213355,0
42.487709755,-71.2896678854,0
41.8764388889,-70.5368638889,0
42.2640633333,-71.7670533333,0
42.4056235184,-71.4630514383,1
42.0386285462,-70.7542618364,0
42.4737966667,-72.333435,0
42.3987448537,-72.5205760633,1
42.4891361111,-71.7673166667,0
42.3108333333,-71.3110716667,0
42.389695223,-71.1042134536,0
41.9971005638,-70.948937697,0
41.9159888889,-70.0673222222,0
42.4992216667,-72.2378433333,0
42.2479368953,-71.1301164329,0
41.9421770681,-71.3001384666,0
42.30330333,-70.90992833,0
42.35695,-71.1039194444,0
42.3525596823,-71.0875111114,0
41.852725,-70.84195,0
42.0130427136,-71.2285122649,0
42.1006359099,-72.0458150796,0
42.6889388889,-71.1081166667,0
41.8514661054,-70.6743849166,1
41.2555294683,-70.0844066632,0
42.3821166667,-71.7789277778,0
42.00522869,-71.1246633722,1
42.8177167141,-70.9091711988,0
42.3536103115,-71.2433661568,0
42.3363566667,-73.1355216667,0
41.9962166667,-71.1228416667,0
41.2689166667,-70.0376138333,0
42.183248,-71.363672,0
41.9734206745,-70.0217083097,0
42.0582128315,-71.5509192367,0
42.1290591576,-71.2186371687,0
42.34926,-71.1588279722,0
42.5019116667,-72.3495783333,0
42.2305800224,-72.088146514,0
42.43751129,-71.4994722908,1
41.9606583333,-71.25322,0
42.3310203552,-72.5747375488,0
42.511395,-72.4478133333,0
42.3121482304,-71.3726814355,0
42.0758919837,-71.1936374289,0
42.45202,-72.6830533333,0
42.1958805556,-72.6513055556,0
42.34165168,-73.22738464,0
42.5992861137,-70.8645033568,0
42.27815,-71.133775,0
42.4962881469,-71.5506723385,1
42.1607194444,-71.6058055556,0
42.1083641492,-71.3213707989,1
41.5475158691,-70.5970077515,0
42.4600116667,-70.95063,0
42.6133916667,-71.0418916667,1
41.7228537314,-70.5588470321,0
41.3567919722,-70.6351769722,1
42.505537071,-72.6466212781,0
42.4633633333,-72.896575,1
42.1618128897,-70.7332420349,0
42.2713464153,-72.4213312356,1
41.2870777778,-70.1019722222,0
41.9177632,-70.7522998997,0
42.0274862394,-71.6508933943,0
41.9570283333,-70.6804283333,0
42.54193,-73.23565,0
42.375883746,-72.238954316,1
42.443790915,-71.6049718038,0
42.1849713485,-72.8183933347,0
42.3994966667,-72.3950583333,0
42.50606167,-71.60831333,0
42.7075590595,-73.1851008755,0
42.0621247599,-70.680215805,1
41.3584377997,-70.6374126997,1
41.6598275185,-70.5624682089,0
42.0153999329,-71.3424758911,0
42.3786664147,-71.084223501,0
42.2197965331,-71.504074358,0
42.582061196,-71.4370520612,0
42.61066167,-71.13829167,0
42.4244616667,-71.0355083333,0
41.6726957459,-70.5422931398,0
42.8282877997,-71.0411153,0
42.6603169253,-70.599974795,1
42.3429722222,-72.56845,0
42.2235751969,-71.3229914026,0
42.3348296883,-71.0098497067,0
42.1545136889,-71.67822725,0
42.396971663,-72.5192755,1
42.1592014989,-70.7908589157,0
42.1804677928,-73.3655643091,0
42.25512,-71.164475,1
42.3901075253,-71.5766491763,1
42.0953865051,-71.5803222656,0
41.6617327,-70.2879645,0
42.1220450941,-72.2939538883,0
42.571304433,-72.5612381432,1
42.3066741,-71.7961324,0
42.37565474,-71.49149158,0
42.514025,-71.4986416667,1
42.435965,-71.137495,0
42.1787164691,-72.6383785119,0
42.3309283333,-71.1317888333,0
42.4965848976,-71.364700995,1
42.1905476817,-71.1135363579,1
42.5434729673,-72.7729844136,0
42.36992167,-71.25847,0
42.2578966667,-71.1841583333,0
42.0611944444,-70.1138361111,0
42.1090445,-71.31707,1
42.537933061,-72.7577709241,0
41.3177616667,-70.766945,1
42.5864231447,-71.9415659476,1
42.1988667294,-71.1336455607,0
42.5711398758,-71.3744289615,0
41.3573229816,-70.6338501064,1
42.269427,-71.2973379722,0
42.4038191751,-71.2941158072,1
42.488995,-71.3059466667,0
42.0989388333,-71.41292,0
42.3186018,-72.6221737,0
42.4332866667,-71.0812221667,0
42.45830833,-71.25003,0
42.3962989654,-71.1775362214,0
42.473275,-71.5818633333,0
42.08154559,-71.15505073,0
42.262825,-72.6856616667,0
42.5398058491,-73.2565667108,0
42.3109166667,-71.1365666667,0
42.34137,-71.037572,0
41.8390246862,-70.542414943,1
42.3200333333,-71.0533445,0
41.3210616667,-70.79538,1
42.139692,-71.640436,0
42.3455972222,-71.6137472222,0
42.4108027778,-71.8982916667,0
42.2060805556,-71.0920972222,0
42.26903824,-70.9210160746,0
42.0176642267,-70.8759541491,1
42.47686167,-73.23577833,0
42.4083061141,-71.3307121736,1
42.0741,-71.917375,0
42.6739252777,-71.211101398,0
41.279561,-70.1810925,0
41.7009222222,-71.0286277778,1
42.2245916667,-71.074075,0
42.42328185,-70.9845179,0
42.7475144444,-71.0488581609,0
42.0396091125,-72.5917061229,1
42.183328,-71.2110969722,0
42.2395633333,-72.633715,0
42.0316483593,-71.2286327966,0
42.1735716667,-71.59858,0
42.6296783333,-70.662405,1
42.2422006997,-72.6225222,0
42.4400409589,-71.0627540947,0
42.4082341511,-71.1364410818,0
42.6963442512,-71.8877536436,0
42.7494206716,-70.9979305974,1
42.3624666667,-71.3768361111,1
41.919581,-70.072648,0
42.27373,-71.1261445,0
42.41363,-71.66648,0
42.4625296016,-72.2455853892,1
42.128115971,-73.2499909449,0
42.6966333333,-70.85878,0
41.8442875,-69.9568949,0
41.7443222222,-71.1439722222,0
41.9217048213,-70.5433849712,1
42.3755558425,-72.2383123264,1
41.688075,-71.1266721667,0
41.3947181795,-70.5139683403,1
41.9758337416,-71.3217357919,0
41.7739741825,-70.5148774239,1
42.4723747397,-70.9186044146,0
42.210061823,-71.00682136,0
42.4165500686,-71.3956832886,0
42.0888179479,-70.6741759933,1
42.404605,-71.0258111667,0
41.4235096633,-70.9140233107,0
42.280980785,-71.8247317009,0
42.065929,-71.1901215,0
42.3022751691,-71.2838566295,1
42.16686,-71.164674,0
42.4610783333,-70.89608,0
42.31242833,-71.327325,0
42.3378250428,-72.1419636687,1
42.2669258118,-72.5876693726,0
42.065675,-72.1502666667,0
42.2703630639,-72.5960907284,0
41.7427845611,-71.1886131325,0
42.10928333,-71.196045,0
42.4111972222,-71.7597583333,1
41.6289303346,-70.8037404587,0
42.2093444008,-71.6089762375,1
42.2559182626,-71.1397124817,0
42.3472647,-72.6859127,1
42.52432,-72.33538,1
42.4022690478,-71.1082234383,0
42.7632722,-70.8045899,1
42.3532869933,-72.4997190368,1
42.5251347745,-71.8358346376,0
42.635744193,-70.9038622361,1
41.362476,-70.5352563,0
42.6542496619,-71.7017484289,0
42.5690583333,-71.8770916667,0
42.0188233333,-71.2879,0
42.3872046771,-71.1244136173,0
42.7715833333,-71.0396555556,0
41.8939366667,-70.0206528333,0
42.1051360357,-71.6702815447,1
42.210400295,-71.1439907891,0
42.5182595581,-71.0394645647,1
42.020830804,-70.036099242,0
42.5419868144,-72.2500227106,0
42.5328558187,-72.900413887,0
42.6431402882,-70.6280677525,1
41.6948583333,-70.6212,0
42.1529416667,-71.6175472222,0
41.7703494718,-70.6000244245,0
42.46074,-72.171515,0
42.2313400358,-71.2322042417,0
42.1897322222,-71.1038466667,1
42.2489833333,-72.2504666667,1
41.5212928551,-71.0699789966,0
42.2193742823,-71.2015092094,0
41.3477283333,-70.6602333333,1
42.3744583333,-71.3596033333,0
42.1081609213,-71.3215596782,1
42.8602424997,-70.9110098,0
42.1045953494,-71.0558147283,0
42.4595067,-71.03457665,0
41.2971539554,-70.2509299556,0
42.3741747517,-72.2737757923,1
42.3616222222,-71.1549805556,0
42.6728532972,-70.5681449838,0
42.424060821,-71.6116708547,0
42.68429484,-72.27610723,0
42.43487,-71.1983816667,0
41.7007273737,-70.0110278105,1
42.215692762,-71.9549916641,1
42.6176716667,-71.4921883333,0
42.2557222222,-71.5635333333,1
41.3535083333,-70.8247533333,1
42.4281316667,-72.21654,0
41.650425,-70.6213833333,1
41.6321737,-70.9484382,0
42.2979786695,-71.1815022002,0
42.3056781292,-71.8403957226,0
41.3516972677,-70.5326111116,1
42.536055,-72.17561333,0
42.3189143981,-72.6401162719,0
42.0844789921,-71.568412101,0
42.4591391177,-72.5598877147,0
42.2591389,-72.0933611,0
42.2326837997,-71.6623163997,0
41.8955555556,-70.7455555556,1
42.6825310695,-71.2940461213,0
42.2215575653,-71.6485880771,0
42.4680399657,-71.503291176,0
42.1824628692,-71.8804164603,0
42.2401580811,-71.7747192383,0
42.601822,-71.988628,0
42.4878431299,-70.9341481466,0
42.2924916667,-72.5186916667,1
42.01870833,-71.29612,0
42.4689666667,-72.0919638333,0
41.447445,-70.5592583333,1
42.4213821722,-72.4803350861,0
41.9389117997,-70.6122794,1
41.7046793527,-69.9465991862,0
42.3588866667,-71.20842,0
42.5674283333,-73.1512138333,0
42.6525770544,-71.6768812686,1
42.1707722222,-71.0601583333,0
42.6577016667,-72.6734033333,0
42.1146583333,-72.7919616667,0
42.6837606481,-70.8269724995,1
42.8040283333,-70.9729616667,1
42.27521641,-71.75793976,0
42.1506292301,-72.7394985312,0
42.2767885693,-71.0114018619,0
42.05733333,-70.13666667,0
42.4669189453,-71.4915161133,0
42.0946150091,-72.9483130923,0
42.3278449151,-71.2101929717,1
42.1031581243,-72.1583068224,0
41.50176667,-71.1208945,0
42.6614202973,-71.1651027975,0
42.172423,-72.547842,0
42.2912490943,-71.1443422685,0
42.49218833,-71.87954667,0
42.7898833333,-70.9392016667,0
41.5261192904,-70.6703164042,1
41.5645285551,-70.6169916788,0
42.1628066667,-72.8143683333,0
42.64261423,-70.799195054,0
42.4350919722,-72.688004,0
42.6511845264,-70.8429489643,0
42.2977611111,-71.1076972222,0
42.1215259033,-70.6805733233,0
42.6355757406,-71.1490238721,0
42.36038908,-73.21200142,0
42.1885389722,-71.198729,0
42.3273583333,-72.513245,1
42.315119911,-71.3894226775,0
42.4411966667,-71.6676333333,0
42.349895,-71.0519555,0
41.9224597202,-69.9781988561,0
42.222280296,-71.0595246367,0
41.84423,-70.540475,1
41.2493317114,-70.0847791653,0
42.0901555028,-70.67215,1
42.4247166667,-71.837525,0
42.7112283333,-72.492895,1
42.675986202,-71.7784107104,0
42.6401831438,-70.6348701225,1
41.663737542,-70.0794877763,0
42.2488833333,-72.5629194444,0
41.73153,-70.7738633333,0
42.1826742436,-71.2174973054,0
42.6025466667,-72.7394333333,1
42.6170755971,-71.2471948191,0
42.022061678,-70.8827934316,1
42.6355750483,-70.6426464921,1
42.5089116667,-71.37587,0
42.0216051441,-70.9460222983,0
42.28101333,-71.20723667,0
42.6123759896,-70.6666230877,0
42.6703691453,-70.8072406567,1
42.0260081918,-70.8866128063,1
41.6556133333,-70.3207083333,0
42.1629931189,-71.2372697067,1
42.4355943498,-71.4226522435,0
42.393283,-71.269786,0
42.2831256663,-71.1751812624,1
42.4486666667,-71.34198,0
42.2624944444,-71.0972333333,0
42.4585243923,-71.8985955496,0
41.4672062399,-70.6024404707,0
42.4320666667,-71.2049716667,0
42.2524916667,-71.0299695,0
42.264207618,-71.7722003305,0
42.2176033333,-72.6243216667,0
42.6094966667,-71.2394783333,0
41.661798,-69.945508,0
42.2557277778,-71.5636777778,1
41.5497946646,-71.1052898225,0
42.549995,-70.8751916667,0
42.3750488668,-72.2376779696,1
42.1718334482,-71.3167819748,0
42.0558875242,-70.8206276503,0
41.4213166667,-70.5740805556,1
41.9504966667,-70.8262333333,1
42.146017,-72.590709,1
42.4123984902,-71.3509744686,0
42.353443,-71.404815,0
42.5896879844,-71.5443113059,1
41.69821358,-70.47531115,0
41.9020783333,-70.0715333333,0
41.7407254978,-71.1993648282,0
42.58703377,-71.11278003,0
42.279675,-72.5317383333,0
42.39132,-71.00298333,0
42.0218613952,-70.8690961483,1
41.5670826902,-70.5948476456,0
41.619422,-71.000286,0
42.4159458188,-71.5260644448,0
42.7905666667,-70.939705,0
42.4876,-71.3531883333,1
42.2089459628,-71.2838349948,1
42.2121676586,-71.6708642521,0
42.31588388,-71.03625355,0
42.062181028,-72.2775061056,0
42.4319566429,-71.1069460823,0
42.5994616667,-70.99315,0
42.5080882559,-72.2791457771,1
42.374602,-71.9518039722,0
42.0203502684,-70.8641338348,1
42.1986108222,-70.7677878547,0
41.9121239997,-70.6836978,1
42.3606316132,-71.2548286591,1
42.6311866667,-72.0012583333,0
42.063808,-70.860542,0
41.8250686994,-70.9847621281,0
42.4931717897,-71.4865155426,1
42.4699313287,-71.2209665403,0
42.522415,-72.2955683333,1
41.7289138889,-70.6799277778,1
42.0779483333,-71.1483533333,0
42.2390774215,-71.2298989193,0
42.3952234589,-71.0714673461,0
42.258502,-72.7484879722,0
41.9639360188,-70.8963951096,1
42.6639133333,-71.23932,0
42.47143,-71.17063,1
41.997405,-70.0800083333,1
42.3963433333,-72.7043616667,0
41.7561611111,-70.156625,0
42.2567982562,-71.3211343041,1
41.7218213976,-70.2344899716,0
42.3122786188,-70.9514268701,0
42.0604849271,-71.9084376727,0
41.7166374701,-70.2250875776,0
41.553946,-70.49996,1
42.2730122,-72.064376,0
42.4701932997,-72.5920294,0
41.4504226181,-70.6248589978,1
41.77995,-70.7637633333,0
42.4387633333,-71.3772716667,0
42.3321320144,-71.1273131913,0
41.6791703962,-70.1161462069,1
42.2360194861,-71.8041733415,0
41.7137318145,-70.0970971622,1
42.5268117343,-71.4764177799,1
42.6670027778,-71.2249666667,0
42.53858,-72.272015,0
42.07334218,-73.20870724,1
42.3715783333,-72.5170216667,0
42.5958640349,-70.6659920618,0
42.3871963208,-72.8205824409,1
42.3994409088,-72.2230329071,0
42.4898716667,-71.23742,0
42.1316881997,-71.5440193997,0
42.1845314542,-71.4188830205,0
41.9966366667,-70.7299116667,0
42.1828643303,-73.274252373,0
42.0884285346,-70.6391979549,0
42.1082502641,-71.3214308419,1
42.3063916667,-71.3108283333,0
42.5543813004,-71.1096380582,0
41.7397555556,-70.9039027778,1
42.3967533333,-72.0314471667,0
42.6107741319,-71.2090764136,0
41.9167326,-70.5727366,1
42.408558459,-71.1079859734,0
42.3459166667,-71.0728445,0
41.8141536161,-70.5549127869,0
42.1951004982,-72.6544065085,0
41.3401,-70.74938333,0
42.0820156696,-70.2170052727,1
41.6966819763,-70.6289825439,0
42.269924704,-71.4133175033,0
42.394294515,-71.7446306602,0
42.63202183,-71.13136373,0
42.7203765683,-71.0232993594,1
42.4504529755,-71.5495810199,1
42.6028049018,-71.6182343684,1
42.26900833,-73.32685833,0
42.4299336831,-71.3942405955,0
42.49906,-72.4193933333,0
42.565496,-71.571387,1
42.6436757287,-70.9510929993,0
42.5232670696,-71.0869342109,0
42.2866386114,-71.7821878264,0
42.2820366667,-71.6074833333,0
42.3309096483,-71.6326588697,0
41.8541666667,-69.9772222222,0
41.7502533333,-70.619475,0
42.4292904195,-72.0242810994,1
41.9268494675,-70.647059724,0
42.0643,-71.3790888889,0
41.6815585275,-69.9522061665,0
41.2528383333,-70.0040138833,0
42.2254972902,-72.3085786971,0
42.2799963889,-72.4734653611,0
41.7701216667,-70.048875,0
42.6037283333,-71.6881116667,0
42.6434056691,-70.6272941362,1
42.0926598523,-72.1645191716,1
42.3412720503,-72.2312601614,1
42.35461,-72.6325266667,0
42.5675222222,-72.2741583333,1
41.78328333,-69.96633833,0
42.414771396,-71.560162265,1
42.564862437,-70.7684574352,0
41.3530458703,-70.5365966506,1
42.8314853507,-70.9160614853,0
42.3768341812,-71.2438274066,0
42.52142244,-72.29878268,1
41.81595226,-70.00354312,0
42.1883337182,-71.1999243664,0
42.5231800425,-70.9451677262,1
41.6746248799,-70.062990692,1
42.1147909827,-71.4148988044,0
42.3639543341,-71.988915405,1
42.62220688,-71.53035006,1
42.5187777778,-70.9035916667,0
41.8807360444,-69.9901578799,1
42.6260886684,-71.6048171537,1
42.564249372,-70.805062247,0
42.5655103993,-72.7254136769,0
42.4103669016,-71.6914864866,0
42.605505,-71.75460833,0
42.2297810232,-71.0028007464,0
42.2620741,-71.2903538,0
42.5007139127,-71.3115582866,0
42.0742815595,-71.5554519266,0
42.3128883333,-71.2102966667,0
42.7122716667,-70.7767333333,1
42.0575468,-73.3509285,1
42.312877655,-72.2413482666,0
42.3390020278,-72.4586314444,0
42.3351980112,-71.7500682186,1
42.2632716667,-72.58303,0
42.4833416667,-71.0625305,0
42.0665432778,-72.5384140833,0
42.24675637,-73.25587687,0
42.1485089917,-72.28709857,0
42.0685514122,-70.6799299126,1
42.3149120193,-71.1225458508,0
41.8121148143,-69.9572874895,1
42.0336111667,-72.1743783333,0
42.3764499702,-71.50494177,0
42.2969611371,-71.3415267965,0
41.3445268,-70.7202798,1
42.3286787757,-71.4283730376,0
42.0493120887,-72.2668898386,1
42.25315,-71.1361778333,0
41.933525,-69.9786,0
41.3808333333,-70.45433,0
42.4577757053,-71.3088858731,0
42.2189833766,-70.8624386787,0
42.48411,-71.504832,1
42.7033988394,-72.3176743385,1
42.5099137529,-71.4736706103,1
41.4122105437,-70.6783384737,1
42.1915601672,-71.5136827533,1
41.919205,-70.98223,0
41.5174413501,-70.6579447165,1
42.3783186842,-71.1011901498,0
42.2439037938,-71.9668019924,0
42.40663,-71.329242,1
42.2556533006,-71.5627715187,1
41.6372006417,-70.3414658804,0
42.828744,-70.825042,0
42.670508433,-72.5378421675,1
42.6363625792,-70.9159311607,1
41.6863033333,-69.9474716667,0
42.28926,-71.6136333333,0
41.8129283333,-69.99762,0
41.9098245733,-70.0711787681,0
42.7329111111,-71.058275,0
41.3514533333,-70.5317466667,1
42.5908641824,-70.8208299056,1
42.1064638333,-72.9179533333,1
42.1173502179,-71.7475400773,0
42.0096523698,-71.200048075,0
42.3039569511,-71.3565342433,0
42.4926290391,-71.367700181,1
42.093953,-70.7063883333,0
42.7744798127,-70.8064846556,0
42.37188,-71.2919216667,0
41.8807509241,-70.0016504839,1
42.6271583333,-70.917969445,1
42.2868128193,-72.6416812321,1
42.2688694444,-71.006825,0
42.1609,-71.2605,0
41.6052835677,-70.5898842748,0
42.4392016667,-71.4479516667,0
42.269495,-71.1683283333,0
42.6597807758,-73.2173030503,0
42.6139033333,-72.4872133333,0
42.2065166667,-71.4549333333,0
42.3197500647,-71.1983148182,0
42.33472,-71.39453,0
42.6044598736,-71.6174822738,1
42.20758,-70.9426716667,1
42.3179775351,-71.3476024639,0
42.4715260957,-71.1641800922,1
42.4219740394,-71.1361940541,0
42.8159416728,-70.96208,1
42.2355834,-73.25646839,0
42.4312216667,-71.0497971667,0
41.3304116667,-70.7847216667,1
42.64692,-71.2094283333,0
42.3008033333,-71.3356383333,0
42.082137579,-71.2127691414,1
42.0216829034,-70.8691581686,1
42.4695635082,-71.338896345,0
42.3881716667,-72.5099866667,0
41.6493871329,-70.6223330274,1
42.0331633813,-70.8414857038,0
41.3804798752,-70.6567622812,0
42.2302666667,-70.9961783333,0
42.519672,-72.304158,1
42.2508716667,-71.669555,0
42.3654352046,-71.0177758979,0
42.1255105022,-72.0753282095,0
42.427925,-71.1066278333,0
42.6381705673,-70.9202211723,1
41.661775,-69.96305,0
42.1718071983,-70.7518663071,0
42.2647968633,-72.6690952108,0
42.680487,-72.982392,0
42.6084472222,-71.0961611111,0
42.8555944,-70.96720085,0
42.0580216824,-71.1269817688,0
42.40627,-71.3558416667,0
42.6966299722,-73.1077509722,0
42.6589799442,-70.6660676288,1
42.6602534191,-70.7975862175,0
42.26249667,-71.77617833,0
42.2596005136,-71.6446798116,0
42.7769801006,-70.9570905372,1
42.1397507406,-71.2684672992,0
42.3772222222,-72.5133333333,0
42.2475723038,-71.8207496312,0
42.129916,-71.5521586,0
42.086517632,-70.6782294219,1
42.2891916667,-72.6792966667,0
42.2671166667,-71.1196528333,0
42.3304371714,-71.0980911212,0
42.1621932983,-71.5363235474,0
41.8827352546,-69.9956286824,1
42.4357,-72.072875,1
41.3060379028,-70.251373291,0
42.2218795366,-70.8163986908,1
42.4407591205,-73.2638554462,0
42.728775,-70.9903716667,0
42.2387416667,-71.5740133333,0
42.2048523,-70.716057,0
42.28,-70.954545,0
42.6112310552,-70.6627444798,0
41.34697,-70.7497866667,0
42.4408683777,-71.0420837402,0
41.6098513875,-70.5718374252,1
41.64921976,-70.6228823978,1
41.38036434,-70.73666737,0
42.7408573264,-70.7973330479,1
42.4249925466,-72.394261425,0
41.7822995947,-69.9440961199,1
42.4232153343,-71.1080703431,0
42.414022692,-71.1825764864,0
42.2783,-71.0316083333,0
42.8222583333,-70.9276116667,0
42.2042121887,-71.8228988647,0
41.774432059,-70.4980770447,1
42.2215589961,-73.1242127875,0
42.2276280924,-70.7593131438,0
42.4180033333,-72.7552416667,0
42.1676266548,-71.1905242763,0
42.5204746241,-71.7087184482,1
41.5758133333,-70.408875,0
42.1013908386,-72.6970901489,1
42.435895,-73.2105466667,0
41.2647756882,-70.1150196943,0
42.3508017,-71.2348366,0
42.5455169895,-71.779880089,0
42.3483055556,-71.3632305556,0
42.1317968894,-72.449450724,0
42.2472521766,-71.1520572615,0
42.3840416667,-72.52932,0
42.5203745859,-71.8001927622,0
42.5481866667,-71.49647,0
42.3038333428,-71.983825,0
42.6042900901,-71.617535918,1
42.5758883333,-72.5894083333,0
42.5219603582,-71.4280126244,0
42.4917139656,-71.3690372957,1
42.4200566667,-72.8876833333,0
42.4058750334,-71.0512447941,0
41.5892664392,-70.8228879501,0
42.7125434503,-72.3428467279,0
42.6373519897,-72.0873184204,0
42.5702051239,-71.4566259553,0
42.5618466667,-71.33703,0
42.7495976771,-71.0554951989,0
42.5567605304,-71.5780355506,0
42.3712716667,-71.4627833333,0
42.2832833333,-71.1447833333,0
42.0122618544,-70.6831079949,0
42.5541083333,-72.44468,0
42.1905416667,-72.576875,0
42.2439116667,-72.269325,0
42.134136,-71.237217,0
42.4758311076,-71.9557948985,0
42.65860331,-72.32219747,0
42.558583289,-71.6306293756,0
42.6741533333,-71.707725,0
42.63568833,-70.92016667,1
42.2469966667,-71.6746,0
42.4868477336,-71.5841719946,0
42.0211535,-71.1420665,0
42.2886616667,-71.9883416667,0
41.4507141113,-70.9224472046,0
42.487545,-71.47898,1
42.8125840186,-70.9650001194,1
42.3651034985,-71.1550207436,0
42.34515454,-71.50135272,0
42.2488123579,-71.248454509,0
42.6230416667,-72.3775916667,0
42.363519,-71.108376,0
42.3410544538,-72.7160343276,0
42.495128,-71.551133,1
42.3767161704,-71.4439345695,0
42.3046133333,-71.6103133333,1
42.60428,-71.6174516667,1
42.3481783333,-73.323455,0
42.1954702679,-71.240713466,0
42.428237,-70.932841,0
42.2800978425,-71.8397462915,0
42.3010883333,-72.3349216667,0
42.3970343962,-72.5193378286,1
42.614625,-71.0899111667,0
42.4333491611,-71.6724155939,0
41.8938333333,-69.98375,0
41.7389773,-70.3810184,0
42.2929189478,-71.3108059666,1
42.47798,-71.286445,0
41.7004445522,-70.0385532865,1
42.3173067092,-71.4754682566,0
42.6128972222,-71.5541833333,1
42.6601083333,-70.6005222222,1
42.2570616659,-71.2969990355,0
42.5806454672,-70.7665507902,0
42.4354367989,-71.3962582871,0
42.33292833,-71.78600333,0
42.2801453895,-71.4514823547,0
42.4693633333,-72.2363416667,0
42.3401180344,-71.4271060377,0
42.6786043617,-72.0326359586,0
42.47731,-72.6787116667,0
42.4558810952,-71.1110325323,0
42.7112461181,-70.7775454223,1
42.4842883333,-71.35672,1
42.6529166667,-71.0133527833,0
42.1202777778,-72.1005555556,0
41.4495782476,-70.6456196308,1
41.7430008199,-70.2234089628,0
41.8649963849,-70.6655481086,0
42.406982,-71.454093,1
42.1264988835,-71.2186435079,0
41.289555,-70.1756133333,0
42.3962966667,-70.9935083333,0
41.5956334862,-70.6085079582,0
42.504075,-71.22238,0
42.3036151119,-71.2794938646,1
42.3207145833,-72.4733376944,0
42.2872383333,-73.364425,0
41.824999565,-70.6481934783,0
42.0295694444,-71.2918472222,0
42.5072559722,-70.8849749722,0
41.3624033333,-70.61158,1
42.5608797372,-72.7426861806,0
42.6195950587,-71.3888833885,0
42.53196,-72.3207283333,0
42.86470584,-70.96064668,0
42.219375,-71.2352916667,0
42.3310894,-73.1126765,0
42.5077329583,-71.3274347317,1
42.297405,-72.2998216667,0
42.1207679925,-71.4808210403,0
42.2927569275,-71.2626058236,0
42.3614727696,-72.8192341419,0
42.3039689359,-71.3026621483,0
42.32555,-71.56172167,0
42.5113204541,-72.2997428757,0
41.63230896,-70.9541091919,0
42.6305137994,-70.942390971,0
42.3470257,-71.256073,0
42.4625553379,-71.6424257493,1
41.6138,-71.0022583333,0
42.70998,-71.0265195,0
42.0999317127,-71.1410497874,0
41.721642667,-70.1639716516,0
42.4018368731,-71.2498043944,0
42.5262794495,-71.7492675781,0
42.2648526291,-72.7859095136,0
41.9779415448,-70.6902692452,0
42.3980221121,-71.1552241387,0
42.1241445,-71.6364366667,0
42.6966083333,-70.5318083333,0
42.2299527778,-71.1269083333,0
42.0657369722,-71.0895009722,0
42.409563521,-72.5310878456,0
42.52861,-71.7257139722,0
42.424105201,-71.4529378181,0
42.4293166667,-71.48965,0
41.2565716728,-70.0940555,0
41.3504783333,-70.549295,1
41.7289,-70.9019861111,1
41.4423290074,-70.5538580876,1
42.37033,-71.0613555,0
42.7189166667,-71.0251083333,1
42.6153618115,-70.8943626479,1
42.6279443379,-71.7292676121,1
42.4795103772,-70.885119103,0
42.651627143,-71.1351961178,0
42.3240559,-71.446204,0
42.5357133333,-71.554305,0
42.1381721667,-70.9310083333,0
41.5851866667,-70.5670383333,0
42.2139837966,-71.4836014901,1
42.582205,-71.4800866667,0
42.522310169,-70.8843704313,0
42.7137333333,-73.2007966667,0
41.4813473465,-70.6059003159,1
42.4506091023,-71.911852819,1
42.0127972167,-71.7994533333,0
42.4229174471,-71.5523850391,1
42.3184190628,-72.630555493,0
42.1041666667,-71.0427777778,0
42.8017883333,-70.8626866667,0
42.1308361667,-71.3697133333,0
42.2573693549,-71.9141137101,0
42.4252583313,-71.3763525527,0
42.6550827026,-71.1363754272,0
42.7242580472,-73.2029111571,1
42.45808,-73.253495,0
42.336188,-72.618013,1
41.5862028,-70.934694,0
42.7061833333,-71.1129138333,0
42.2343533333,-71.1565638333,0
42.1675890261,-70.7688629227,0
42.3541416667,-71.272545,0
41.9532667074,-70.6658292717,0
41.7538986206,-70.1164627075,0
42.3850513,-72.546678,0
42.6398929959,-70.5946552923,1
42.5911305556,-72.4833444444,0
41.780255,-69.89299667,0
41.60358,-70.6345883333,0
42.35701167,-71.061675,0
42.0770219405,-70.9128195445,0
42.3462833333,-71.0775972222,0
41.3414222222,-70.7204333333,1
42.3735316506,-71.1411089368,1
42.719337182,-72.308491554,0
42.5062333333,-72.1815766667,0
42.5308990479,-71.3519744873,0
42.5341606121,-71.0593503714,0
41.4180779139,-70.5626446903,1
42.1920816667,-72.880435,0
42.5656166667,-72.3992783333,0
42.3990539677,-71.199084495,0
42.3284301758,-71.0916366577,0
42.5784277778,-70.9196805556,1
42.1810333333,-71.5615916667,0
42.167385445,-71.6513590759,0
42.3659085966,-71.245726347,1
41.3642616667,-70.5084,1
42.1081626253,-71.321466606,1
42.2079166667,-71.0028083333,0
41.96644034,-71.17916519,0
42.221567662,-71.6705468296,0
42.36202167,-71.399475,0
42.3937630833,-71.5509945,0
41.64968,-70.2794716667,0
42.4704495847,-71.0421206901,0
42.4364071935,-71.1251111394,0
42.574302902,-72.7310452258,0
42.1110696458,-71.6091428948,0
41.8031928021,-69.9357915442,0
42.3656226,-72.5836158,0
42.6600275801,-70.5997671711,1
42.620475,-71.4180666667,0
42.1486663818,-72.729598999,0
42.4632532217,-72.3432493955,1
42.4927739102,-71.3681854653,1
42.1366888333,-71.5523533333,0
41.8898620605,-71.3321228027,0
42.3217719636,-71.2459176216,1
42.0944138333,-70.9119333333,0
42.4828994608,-70.9277167981,0
41.7379011041,-70.4173036444,0
42.3397,-71.0419695,0
41.63487,-70.2243716667,0
41.6486166667,-70.3008033333,0
42.5956277778,-72.2169333333,0
42.091055083,-73.2672298327,0
42.6453883333,-72.36976,0
42.48377,-72.90773,1
42.6001447504,-72.5437385929,1
42.4917766077,-71.3689543266,1
42.3621116667,-71.1066138333,0
42.5898118,-71.1599321,0
42.3105349663,-71.4077392741,0
41.35368,-70.8191833333,1
42.490733233,-71.3501503529,1
42.3408676521,-72.2315512576,1
42.0938765,-71.6238455,1
41.81143,-71.23912,0
42.3998053433,-72.148385719,0
42.2666244507,-72.4552841187,0
42.1877416667,-70.7516777778,0
42.1610066667,-70.7687333333,0
42.720495,-71.0261,1
42.6948388817,-70.8069421238,0
42.6373466667,-70.880355,0
42.59394667,-71.56542167,0
42.0926722222,-72.5907555556,0
42.0771358889,-72.5399205833,0
42.3869247186,-70.9722664991,0
42.536145,-71.0274721667,0
41.7351450107,-70.3845849686,0
42.3662081445,-71.0340925837,0
41.8574950391,-71.1079889403,1
42.1107056331,-71.9574088462,0
42.4529255707,-70.9873057782,0
42.35320333,-71.191995,0
42.47089667,-72.55423667,0
42.273957811,-71.0768651823,0
42.61085,-71.220375,0
42.1894106543,-71.6899945038,0
41.7840783333,-70.0016166667,0
42.3970397968,-71.6731479103,0
42.17386982,-71.01934791,0
42.0321721667,-70.0610721667,0
41.5089527314,-71.0214965184,1
42.5758629047,-72.7458183387,0
41.8634616667,-70.5397716667,0
42.1523083333,-73.28727,0
42.0495962695,-71.2686001993,0
42.6384,-70.6661,0
42.5874818828,-71.5482426553,1
42.42202,-71.6614216667,0
42.3589733333,-72.5133983333,0
42.4052775235,-72.1282455382,0
42.268994,-71.248582,0
42.2521933333,-72.3400466667,0
42.355861757,-70.9676016402,0
42.0318243392,-70.0912098333,1
42.6272435461,-71.1004304651,0
41.7777381986,-70.7639845088,0
42.52378833,-72.64540833,0
42.7722167969,-71.1062927246,0
42.3732206118,-72.0062451667,0
42.11259717,-72.65152,0
42.7652569266,-70.9588024402,1
42.8004255586,-70.933318706,0
42.2724139722,-72.658355,0
42.279487682,-71.0493909019,0
41.5247550165,-70.6741402683,1
42.4048809116,-71.4524562937,1
42.60547,-71.5039533333,0
42.332623,-71.577726,0
42.68304608,-72.33661246,0
42.220575,-72.502815,0
42.40667,-71.4528666667,1
42.3012616667,-70.9350966667,0
42.2658348083,-71.0844421387,0
42.1961166667,-71.2059333333,0
42.283275,-71.313325,0
41.8217,-69.97270333,0
42.1121757473,-71.4028976371,0
42.3083120611,-71.6366976316,0
41.6463512809,-70.6241146667,1
42.4828737523,-71.0362890614,0
42.5435966667,-72.2548866667,0
42.2070311336,-71.2272757665,0
42.1987440339,-71.1335560735,0
42.442180336,-72.3811217617,1
41.9185794192,-70.7986521442,0
42.0763980292,-70.9161712503,0
42.5214291997,-71.3086725,1
42.79238,-70.87104167,0
42.5795361111,-70.7154111111,0
42.5635402976,-71.6581847985,0
42.0510224283,-72.7655497938,0
42.2847420012,-72.3427689448,1
41.9363345,-70.6329549997,0
42.3040380997,-72.6168485997,0
42.481138378,-71.4729469415,1
41.3512633333,-70.56337,1
42.6335941819,-71.1678674035,0
42.6195916667,-72.718895,0
42.38027394,-73.05725535,0
42.3049,-70.885095,0
42.219790821,-71.4608325531,1
42.155207,-71.267695,0
42.2062737669,-72.5682897966,0
42.2644,-71.5394283333,0
42.1594440099,-71.2140896917,0
42.735751845,-71.2181663141,0
42.0847219997,-71.1129890997,0
41.7628898,-70.6766736997,1
42.2145571,-71.6970119,0
42.0314948776,-70.7197542804,0
42.6436132011,-70.6276949857,1
41.35127,-70.5728616667,1
41.37289309,-70.74988006,1
41.9460366667,-71.3712383333,1
42.0568861728,-73.1270666667,0
42.2499847385,-73.3643192592,1
42.3707305556,-71.1242527778,0
42.6427145,-71.3156877,0
42.5590421444,-71.8379084812,0
42.3638735306,-71.2075685205,0
42.6732742094,-70.9319420904,1
42.449127749,-71.2148283543,0
42.5358416667,-71.5872194444,0
42.4048280556,-71.5830711111,0
42.3005413054,-71.1628074645,0
42.5263283889,-71.2783915833,0
42.2995333333,-71.39972,0
41.8482843787,-69.9690150563,0
42.5967596263,-72.1775272517,1
42.17893833,-71.93071167,0
42.6172201782,-72.7458170957,0
41.449257,-70.925438,0
42.51880333,-71.12458883,0
42.3472344502,-72.2311692141,1
42.0089861111,-70.8796555556,1
42.35699273,-73.04695987,0
42.2200446408,-71.1816127653,0
42.4383468628,-73.2295684814,0
42.3374232,-71.2404515,0
42.3161772981,-71.5906805993,0
42.4387409939,-71.2635625458,0
42.4242818456,-71.4919867216,0
42.3865016667,-71.228655,0
42.5956491474,-71.4214792662,0
42.657283783,-71.3625259399,0
42.0641056194,-71.1623842328,1
42.3970383333,-71.5152133333,1
41.2613716395,-70.0626274198,0
42.5894416667,-70.6958388889,0
41.8561527563,-70.7814178434,0
42.4325702255,-71.4571411155,0
42.1762909722,-71.0307669722,0
42.5856832142,-71.5527883479,1
42.4442105426,-71.2860705469,1
41.4068778881,-70.6030423304,0
42.48227,-71.0296778333,0
42.4579489073,-71.342674121,0
42.45583667,-71.31388,0
42.65442833,-71.02722217,0
42.4442073631,-72.1464398155,1
42.7777831,-70.8418219997,1
42.4913594576,-71.369331769,1
42.4964533333,-71.3919216667,0
42.1818666667,-70.8997633333,0
42.1954612732,-71.0200500488,0
42.0891421759,-72.648554407,0
42.3424072266,-72.4872970581,0
42.3993811412,-72.5354621495,1
42.2334553348,-71.2361309119,0
42.1690857733,-71.4344403894,0
42.5890161241,-73.1392324716,1
42.3721466667,-71.1425638333,1
41.7454571137,-70.4682757793,0
42.0072638833,-70.8116383333,0
42.5913692336,-71.5168606338,1
42.1356499697,-71.0062174032,0
42.3573376843,-71.4849625724,0
42.1705383033,-71.0958942536,0
41.5845064037,-70.8295572803,0
42.3125305176,-72.7345809937,0
41.8512235367,-70.6078438551,0
42.8227495834,-70.8158781754,0
41.6801755465,-70.3389860748,0
42.2965626,-72.565582227,0
42.5975988346,-70.9621791935,0
42.1505492762,-71.073429048,0
42.168625,-71.0691833333,0
41.7087371483,-70.2775439702,1
42.39482167,-71.16409167,0
41.5577824759,-71.1240639115,0
42.24792451,-71.17172927,0
42.6108358429,-71.9656641333,1
42.026873043,-70.8746314872,1
42.5331138889,-71.3076111111,0
42.3483138889,-72.2325666667,1
42.2929222222,-71.1961055556,0
42.601872,-71.539903,0
42.2828462519,-71.1733233014,1
41.7004884134,-70.0386014537,1
42.0524140929,-71.1189322919,0
42.48492,-71.0295945,0
42.670495,-70.62483333,0
42.287612,-71.766553,0
42.8122862911,-70.9314705827,1
42.37217,-71.3006666667,0
42.29311177,-71.79054774,0
42.6555196,-72.32501813,0
42.547690961,-71.7708205522,0
42.6451296412,-71.3663898447,0
42.5402500309,-71.1103203233,0
42.5860194444,-71.9887722222,0
41.269475,-70.1695866667,0
42.212125,-70.9261083333,0
42.6257416667,-72.4203933333,0
42.263646895,-71.0726673073,0
42.3365780226,-71.5633773264,0
41.6742583333,-69.9409116667,0
42.331855,-71.44165,0
42.2812216667,-71.4305033333,0
42.2387809355,-71.6088021206,1
42.32427623,-71.1831951424,0
42.38022,-73.1498333333,0
42.37748,-71.54342833,0
42.45697,-71.292,0
42.3030475032,-71.2567836343,0
42.4698916667,-72.4103,0
42.6542978796,-71.5079393878,0
42.2388909781,-71.3718580605,0
42.3399503321,-72.6524760577,0
42.7317204633,-73.2136378321,1
42.4963945903,-71.3659406518,1
42.513665,-71.612575,0
42.412582303,-71.4566239551,1
42.0686695,-73.3101366667,0
41.2947381995,-70.0447256736,0
42.4996403,-71.2318273,0
41.9260883333,-70.6137166667,1
42.3125371,-71.18980834,0
42.3670667739,-70.9676686184,0
42.570049,-72.53805,0
41.67742167,-70.45459667,0
42.332446,-72.537428,0
42.0441344138,-70.1052556529,0
42.3759182683,-72.0335957409,0
42.0240970344,-70.872619162,1
42.6775527778,-72.1112777778,1
42.6729136686,-71.5591688544,1
42.5515606657,-71.4321250497,0
42.4424864172,-72.3810479814,1
42.3966278229,-71.3998381179,0
42.468705,-71.31030333,0
42.623924475,-72.4601377174,0
42.519375,-70.85959667,0
41.7166663632,-70.1824522019,1
41.8435499008,-69.9462558832,0
41.9379361111,-70.0285416667,0
42.5873700161,-71.9775977428,0
42.2483567719,-71.7398264925,1
42.2192745189,-71.118881897,0
42.6258317477,-70.9196010478,1
42.66738084,-72.30316852,0
42.2491683333,-71.4125583333,0
42.0383528333,-70.925505,0
42.6429488976,-71.2360425667,0
42.58770734,-72.61796877,0
42.3779916667,-72.4712833333,0
42.2986863301,-71.2572459372,0
42.5797415703,-71.5412978199,1
42.2991638889,-71.1237805556,0
42.19557167,-71.49541333,0
41.4300691093,-70.6690991017,1
42.0890444046,-71.3257996221,0
42.32677,-71.53298,0
42.3389283333,-71.0929721667,0
42.4068443883,-71.4533728612,1
42.3599666667,-72.49267,1
42.0871429443,-71.1694488525,0
41.7632611111,-70.1060416667,0
42.1094063,-72.5092245,0
41.2694083333,-70.1099611667,0
41.5495176044,-70.0128909641,0
42.4625545745,-71.8912625322,0
42.38895,-71.7797527778,0
42.6277511832,-71.7301782221,1
41.6468978666,-70.4500690516,0
41.4539589722,-70.5738759722,0
42.0758785326,-72.5756323188,0
42.6152673819,-71.9345239922,0
42.6475344134,-72.0978427942,1
42.451943287,-71.6690484199,0
42.6737861111,-70.8346527778,0
42.7413524788,-70.7982735301,1
42.4752222222,-71.3147722222,0
42.3890408115,-72.1855304342,0
42.3710853785,-71.1828985385,0
42.46075343,-72.55887358,0
41.647405,-70.28915,0
42.0663081551,-70.2383271977,1
42.13047048,-71.21211148,0
42.239059,-71.262489,1
42.6960463055,-71.290235234,0
42.2246546908,-71.4323699529,0
42.0168646938,-71.2007316203,0
42.6037868896,-71.6179302027,1
42.4194141863,-70.9063063005,0
42.2594074863,-71.3971997425,0
41.2905369737,-70.2502316585,0
42.3539324041,-71.4251478579,1
42.0919498126,-71.0646510128,0
42.47478,-71.3195116667,0
42.2673878,-71.6651891,0
42.3978666667,-71.7861222222,1
41.8342443719,-69.980207685,1
41.9350366667,-70.7133416667,0
42.7552984963,-70.8037047106,1
41.631205,-70.57927,1
42.5395773474,-72.7581142469,0
42.7903990255,-70.8111806087,1
42.8498195947,-70.8184888426,0
42.6471058442,-72.4250878376,0
41.3948666667,-70.5145116667,1
41.9029402896,-70.5675059254,0
42.5796890259,-72.5972747803,0
42.208632622,-71.682992885,0
42.0309069722,-70.855913,0
42.0477383443,-71.6189123132,0
42.2421269967,-71.5775918775,0
41.9025335442,-70.7585543626,0
41.3105244817,-70.261907496,0
42.7174633333,-70.9569166667,0
41.698478801,-70.2450164604,1
42.4356916728,-72.5419466667,0
42.1991662994,-70.7162397369,0
42.44104,-73.0268966667,0
41.5940816527,-70.6447019801,0
41.7936833333,-69.9944083333,1
41.7440054119,-70.1940233375,0
42.196731,-71.1045,1
42.4569154597,-71.6517789536,1
42.2802019481,-72.2844302282,0
42.4365333333,-71.1071666667,0
42.261535,-71.649755,0
42.48215,-71.39451,0
42.2646369934,-71.1884460449,0
42.5798897149,-71.5107220193,0
42.1059779682,-71.9128747577,0
42.83577,-70.8999416667,0
42.604996728,-72.192137582,0
42.33640379,-71.40160435,0
42.376245,-71.647195,0
42.37472167,-71.23252167,0
42.3513638889,-71.7575138889,1
42.28582,-72.2995949722,0
42.1847819722,-71.7708959722,0
42.2196107088,-71.5696179194,0
42.30656788,-73.1387431,0
41.8921283333,-70.01158055,0
42.559125,-70.892905,0
42.199956,-71.215355,0
42.2411783333,-71.7761316667,0
42.3283569262,-71.1922387411,0
42.1938466667,-70.8916033333,0
42.4320133333,-72.39073,0
42.2785466344,-71.2704883333,0
42.5872573853,-72.5997009277,0
42.4603006779,-71.2586796939,0
42.4281748728,-72.5029540715,0
42.277443697,-71.9581184513,0
42.6364722844,-72.248067081,1
42.3115527778,-71.4745305556,0
41.2631704335,-69.9616538509,0
42.45793,-70.9919666667,0
42.6139144897,-72.0787124634,0
42.567925,-70.76515333,0
42.3061606692,-72.3228067429,0
41.3494529724,-70.6137084961,0
42.4621443916,-72.2214584442,0
42.3155632999,-71.2986889075,0
42.3502180959,-71.0982453358,0
41.4741369722,-70.6133219722,0
42.63325,-71.50146,0
42.301595,-72.6996616667,0
42.3143161167,-71.5888452671,0
42.8202511998,-70.8227334022,0
42.81493,-70.8189166667,0
42.4761596469,-71.0048638359,0
42.37515,-71.352905,0
41.5482833333,-70.6455083333,0
42.6215726,-73.1192858,0
42.4495583333,-72.6813883333,0
41.9359043,-71.3110279,0
42.6574972222,-70.6268583333,0
42.343096048,-71.2483304366,0
41.8635803585,-70.9938717085,0
42.519845,-71.444805,0
42.119438,-72.800407,0
42.3168138889,-71.0349416667,0
42.2903060913,-71.4854354858,0
42.6734932,-72.3285111,0
42.3662083333,-71.1926416667,0
42.4498666667,-71.3057633333,0
42.08675,-72.5167166667,0
42.6777933333,-72.2798966667,0
42.0566683822,-71.7445896473,0
42.0788079885,-71.3205805905,0
42.2500616667,-71.147675,0
42.583055,-71.2244333333,0
41.9977777778,-70.7122222222,0
42.403625,-71.1391055,0
42.113862,-71.206163,0
42.6212564484,-71.1224385258,0
41.8504942727,-70.7572327182,1
41.2676244997,-70.0719803,0
42.6453216667,-71.4766083333,0
42.2301572,-72.47521098,0
42.37815,-71.5146033333,0
42.3643083333,-73.3014216667,0
42.3545954043,-71.8857297205,1
41.9046666667,-70.0030972222,0
42.3391787798,-72.2315357253,1
41.6278578026,-69.9664683892,0
42.5796366667,-71.4827333333,0
42.0829396037,-71.2106847604,1
42.5063616667,-71.411745,0
42.6449317932,-72.4727554321,0
42.1367833333,-73.1735466667,0
42.3122283333,-71.2752216667,0
42.30233,-70.91259667,0
42.296427,-71.504574,0
42.312575,-71.1287388333,0
42.1137808527,-71.0303565745,0
42.3371383333,-71.678245,0
42.3060360365,-71.2986113784,0
42.6388466667,-72.491675,0
42.2331363832,-71.2431220458,0
41.6705606054,-70.4798385787,1
42.5469375738,-71.9922922438,1
42.2184716667,-71.2816916667,0
42.2147174477,-71.6973764822,0
42.602075531,-70.8991482249,1
42.361245,-72.4234616667,0
42.0882777778,-73.4376388889,0
42.3170831472,-72.2913679024,0
42.3367641,-71.1411641,0
42.2938333333,-72.651955,0
42.30482833,-72.647295,0
42.3598216667,-71.5162366667,0
41.990109,-70.753031,0
42.83492167,-70.90535833,0
41.9803214764,-71.1416293055,0
42.023190204,-70.8826209605,1
41.930088813,-70.0325015187,0
42.4874502371,-71.3938475898,0
41.6620548745,-70.4903921282,1
42.3229230833,-71.1095885556,0
42.6523465686,-71.6776254257,1
42.3576645943,-72.4897353475,1
42.5669030556,-71.6556510329,0
42.2822657936,-71.1729851994,1
41.955414128,-71.3617193351,0
42.3276230479,-71.5760014483,0
42.56986926,-72.7377678,0
42.6690801932,-71.3289590646,0
41.9460555556,-70.8734,0
42.56962,-73.20485,0
42.7212934518,-71.0243979544,1
42.2042783333,-71.4251866667,0
42.5224787202,-73.27257837,0
42.2978483333,-71.6176416667,1
42.0671778333,-70.1949916667,1
42.3394889832,-72.5508880615,0
42.3087570259,-71.3793076205,0
42.0795568167,-71.9103643465,0
42.6851083333,-70.8819366667,0
42.4780031,-71.333723,1
42.3212173,-71.1275838,0
41.9304394846,-70.0248226165,0
41.3504878234,-70.505015083,1
42.292305599,-71.0691552703,0
42.6072206581,-70.9129270726,0
42.0672870387,-71.0569696912,0
41.6539912302,-70.5725218573,1
42.6435270472,-70.6275664788,1
42.1327412082,-72.4553815911,0
41.7490773997,-70.5057304,0
42.6293116667,-71.2875366667,0
41.8029238334,-70.6689777469,0
42.52668,-70.8691812,0
42.0897111667,-71.0404055,0
42.2012416667,-70.85437,0
42.0704676698,-73.1329542294,1
42.3106977589,-71.3713438293,0
42.3688,-71.43804667,0
42.10534,-70.1806516667,0
41.905124455,-69.9995918318,0
42.3067113708,-71.0967854576,0
42.4037946589,-71.2103483245,1
42.2045116667,-71.422845,0
41.9096038513,-70.0146217809,0
42.5052666667,-71.493835,0
42.336797,-71.009473,0
42.1623305074,-70.8424071813,0
42.5856444444,-71.9049,0
42.4884803199,-71.2673081675,0
41.7027866667,-70.317755,0
41.92341702,-71.37409165,0
41.35365,-70.8191383333,1
42.4960366667,-71.3399883333,0
42.2575871017,-71.8353791535,0
42.8380398732,-70.9186819196,0
42.1028747559,-71.396270752,0
42.0516057398,-72.5918111957,1
41.7390783333,-70.224975,0
42.0978061105,-71.6471359729,1
41.8453904594,-70.6933748316,1
41.3882599811,-70.0440947469,0
42.2560560222,-71.7679729737,0
42.6107213,-71.0713977,0
42.6809539444,-72.5998767778,0
42.4268033775,-72.9298940208,0
42.6512525195,-70.6023348794,0
42.6700966667,-72.5377416667,1
42.3405982508,-71.1483094751,0
42.3388085262,-72.2315286845,1
42.7978466728,-70.87835,0
42.4132147671,-71.7866764121,1
42.5202482706,-70.9207297862,0
42.243545,-71.1397778333,0
42.0908203125,-71.4122695923,0
42.2787944444,-71.7807611111,0
42.5852622783,-71.3677371515,0
